farmer_id,lat,lon,date,cloud_pct,source,ndvi_mean,ndvi_std,image_path,channels,valid,biomass_label,field_area_ha
FARMER_0001,31.821868,75.42385,2024-10-24,13.8,synthetic,0.3327,0.215,images\FARMER_0001_2024-10-24.npy,5,True,2.146,4.19
FARMER_0002,30.483133,74.488883,2024-11-08,3.7,synthetic,0.3629,0.2101,images\FARMER_0002_2024-11-08.npy,5,True,2.891,1.64
FARMER_0003,32.196785,74.392141,2024-10-26,8.4,synthetic,0.2228,0.231,images\FARMER_0003_2024-10-26.npy,5,True,1.911,6.52
FARMER_0004,31.353212,74.282254,2024-10-14,12.4,synthetic,0.1108,0.2407,images\FARMER_0004_2024-10-14.npy,5,True,0.988,1.74
FARMER_0005,31.287747,74.067867,2024-11-05,14.9,synthetic,0.3525,0.2126,images\FARMER_0005_2024-11-05.npy,5,True,2.728,4.79
FARMER_0006,30.762492,77.292785,2024-11-25,3.0,synthetic,0.2545,0.2258,images\FARMER_0006_2024-11-25.npy,5,True,1.805,4.25
FARMER_0007,29.699143,74.056921,2024-11-26,2.9,synthetic,0.4042,0.2026,images\FARMER_0007_2024-11-26.npy,5,True,3.501,1.05
FARMER_0008,30.54837,74.387191,2024-10-23,11.6,synthetic,0.0066,0.2407,images\FARMER_0008_2024-10-23.npy,5,True,0.531,7.09
FARMER_0009,31.62874,75.830487,2024-11-20,11.2,synthetic,0.1039,0.2395,images\FARMER_0009_2024-11-20.npy,5,True,0.23,3.03
FARMER_0010,30.38542,77.142053,2024-10-14,5.0,synthetic,0.2746,0.2223,images\FARMER_0010_2024-10-14.npy,5,True,1.772,7.65
FARMER_0011,29.977988,75.797217,2024-11-22,13.3,synthetic,0.3322,0.2157,images\FARMER_0011_2024-11-22.npy,5,True,1.97,7.94
FARMER_0012,32.242959,74.486764,2024-10-14,9.7,synthetic,0.2453,0.2276,images\FARMER_0012_2024-10-14.npy,5,True,1.403,3.87
FARMER_0013,31.524073,74.674661,2024-11-20,10.3,synthetic,0.2395,0.2261,images\FARMER_0013_2024-11-20.npy,5,True,2.755,1.71
FARMER_0014,32.122653,76.810815,2024-10-04,14.6,synthetic,0.416,0.2011,images\FARMER_0014_2024-10-04.npy,5,True,3.502,2.63
FARMER_0015,31.21965,77.389269,2024-10-27,1.5,synthetic,0.3914,0.2063,images\FARMER_0015_2024-10-27.npy,5,True,3.108,6.23
FARMER_0016,31.890838,75.072187,2024-10-22,11.3,synthetic,0.1948,0.2322,images\FARMER_0016_2024-10-22.npy,5,True,1.814,5.24
FARMER_0017,31.102044,75.553723,2024-11-05,8.4,synthetic,0.3418,0.2137,images\FARMER_0017_2024-11-05.npy,5,True,1.902,4.72
FARMER_0018,30.706571,74.280863,2024-11-18,11.8,synthetic,-0.0366,0.2435,images\FARMER_0018_2024-11-18.npy,5,True,0.34,3.37
FARMER_0019,30.19531,75.578987,2024-11-22,8.9,synthetic,0.3155,0.2171,images\FARMER_0019_2024-11-22.npy,5,True,2.698,7.27
FARMER_0020,30.761877,73.856431,2024-10-12,4.9,synthetic,0.3017,0.2209,images\FARMER_0020_2024-10-12.npy,5,True,2.149,6.75
FARMER_0021,31.431836,74.94591,2024-10-25,7.8,synthetic,0.2407,0.2277,images\FARMER_0021_2024-10-25.npy,5,True,1.767,6.46
FARMER_0022,29.689681,75.379427,2024-11-13,8.8,synthetic,0.0169,0.2401,images\FARMER_0022_2024-11-13.npy,5,True,0.1,1.03
FARMER_0023,30.494465,75.990121,2024-11-18,1.4,synthetic,0.2662,0.2246,images\FARMER_0023_2024-11-18.npy,5,True,2.858,2.33
FARMER_0024,30.186896,74.692248,2024-11-03,0.1,synthetic,-0.0401,0.2404,images\FARMER_0024_2024-11-03.npy,5,True,0.1,7.41
FARMER_0025,31.943587,77.28402,2024-11-10,11.5,synthetic,0.3139,0.2183,images\FARMER_0025_2024-11-10.npy,5,True,1.871,1.94
FARMER_0026,30.154339,76.212533,2024-10-18,11.6,synthetic,0.3173,0.2191,images\FARMER_0026_2024-10-18.npy,5,True,2.143,1.69
FARMER_0027,31.737329,74.029935,2024-11-05,12.2,synthetic,0.2634,0.2254,images\FARMER_0027_2024-11-05.npy,5,True,2.465,3.58
FARMER_0028,30.050222,77.174526,2024-10-26,4.6,synthetic,0.0698,0.2399,images\FARMER_0028_2024-10-26.npy,5,True,1.415,3.42
FARMER_0029,29.712538,74.49259,2024-11-20,13.8,synthetic,0.312,0.2183,images\FARMER_0029_2024-11-20.npy,5,True,2.648,5.94
FARMER_0030,30.063881,73.806233,2024-11-19,10.9,synthetic,0.1659,0.2346,images\FARMER_0030_2024-11-19.npy,5,True,1.313,5.62
FARMER_0031,32.129637,75.193187,2024-11-25,12.0,synthetic,0.3203,0.2169,images\FARMER_0031_2024-11-25.npy,5,True,2.565,1.4
FARMER_0032,31.764173,77.034628,2024-10-21,6.2,synthetic,0.1592,0.235,images\FARMER_0032_2024-10-21.npy,5,True,1.494,3.25
FARMER_0033,31.772707,74.521397,2024-10-04,0.8,synthetic,0.0471,0.2394,images\FARMER_0033_2024-10-04.npy,5,True,0.1,6.74
FARMER_0034,30.893713,74.397168,2024-11-16,0.0,synthetic,0.4033,0.2021,images\FARMER_0034_2024-11-16.npy,5,True,3.079,1.87
FARMER_0035,29.589751,73.947032,2024-11-23,14.3,synthetic,0.3411,0.2138,images\FARMER_0035_2024-11-23.npy,5,True,3.172,6.49
FARMER_0036,31.912194,75.824221,2024-11-07,11.2,synthetic,-0.0212,0.2436,images\FARMER_0036_2024-11-07.npy,5,True,0.1,6.93
FARMER_0037,31.248883,76.813283,2024-11-03,2.9,synthetic,0.1318,0.2397,images\FARMER_0037_2024-11-03.npy,5,True,1.304,4.13
FARMER_0038,31.286859,74.852331,2024-11-16,5.6,synthetic,0.2011,0.2298,images\FARMER_0038_2024-11-16.npy,5,True,1.536,6.71
FARMER_0039,31.118806,76.465306,2024-11-10,10.1,synthetic,0.3247,0.2163,images\FARMER_0039_2024-11-10.npy,5,True,2.51,5.81
FARMER_0040,31.584734,76.641218,2024-10-13,10.3,synthetic,0.1393,0.2363,images\FARMER_0040_2024-10-13.npy,5,True,0.677,2.73
FARMER_0041,32.169302,74.573664,2024-11-12,2.6,synthetic,-0.0106,0.2424,images\FARMER_0041_2024-11-12.npy,5,True,0.164,4.98
FARMER_0042,30.616754,74.427422,2024-10-23,8.4,synthetic,-0.1034,0.2402,images\FARMER_0042_2024-10-23.npy,5,True,0.1,5.89
FARMER_0043,30.848758,73.803465,2024-10-17,7.9,synthetic,0.3578,0.2104,images\FARMER_0043_2024-10-17.npy,5,True,2.923,7.13
FARMER_0044,31.456348,77.203804,2024-11-03,9.5,synthetic,0.2474,0.2262,images\FARMER_0044_2024-11-03.npy,5,True,1.639,2.25
FARMER_0045,30.185346,76.374629,2024-10-01,14.7,synthetic,0.1045,0.2382,images\FARMER_0045_2024-10-01.npy,5,True,0.627,3.51
FARMER_0046,30.139818,77.16695,2024-11-24,4.9,synthetic,0.3752,0.2073,images\FARMER_0046_2024-11-24.npy,5,True,3.611,3.94
FARMER_0047,31.52365,76.203109,2024-10-17,13.8,synthetic,0.2024,0.2337,images\FARMER_0047_2024-10-17.npy,5,True,1.653,2.34
FARMER_0048,30.911904,76.664602,2024-10-13,4.6,synthetic,0.3101,0.218,images\FARMER_0048_2024-10-13.npy,5,True,2.024,3.84
FARMER_0049,29.937773,77.158881,2024-11-02,11.8,synthetic,0.4049,0.2021,images\FARMER_0049_2024-11-02.npy,5,True,3.582,3.01
FARMER_0050,32.015986,74.470742,2024-11-14,3.5,synthetic,0.3411,0.2149,images\FARMER_0050_2024-11-14.npy,5,True,2.953,7.64
FARMER_0051,30.373086,75.374506,2024-10-07,10.4,synthetic,0.04,0.2424,images\FARMER_0051_2024-10-07.npy,5,True,1.157,5.83
FARMER_0052,29.627841,75.109782,2024-11-01,9.4,synthetic,0.304,0.2181,images\FARMER_0052_2024-11-01.npy,5,True,2.653,4.38
FARMER_0053,30.232205,77.345505,2024-10-25,9.9,synthetic,-0.068,0.2402,images\FARMER_0053_2024-10-25.npy,5,True,0.1,7.41
FARMER_0054,29.639102,75.559242,2024-10-22,3.9,synthetic,0.2495,0.2269,images\FARMER_0054_2024-10-22.npy,5,True,1.568,5.77
FARMER_0055,31.047565,74.823053,2024-10-21,0.4,synthetic,0.1108,0.2384,images\FARMER_0055_2024-10-21.npy,5,True,1.244,7.12
FARMER_0056,32.374003,77.488848,2024-10-26,9.6,synthetic,0.1988,0.2339,images\FARMER_0056_2024-10-26.npy,5,True,2.112,1.18
FARMER_0057,32.065552,76.395947,2024-10-04,13.2,synthetic,0.2231,0.231,images\FARMER_0057_2024-10-04.npy,5,True,1.914,1.93
FARMER_0058,31.53105,74.192159,2024-11-21,11.7,synthetic,0.3886,0.2062,images\FARMER_0058_2024-11-21.npy,5,True,3.248,1.81
FARMER_0059,30.807701,77.136014,2024-10-04,2.3,synthetic,0.2936,0.2228,images\FARMER_0059_2024-10-04.npy,5,True,2.772,4.27
FARMER_0060,29.954287,74.493038,2024-10-07,0.3,synthetic,0.3926,0.2059,images\FARMER_0060_2024-10-07.npy,5,True,3.355,6.18
FARMER_0061,32.220044,76.692555,2024-10-01,4.2,synthetic,0.1252,0.2385,images\FARMER_0061_2024-10-01.npy,5,True,0.704,1.81
FARMER_0062,29.553971,73.899625,2024-10-18,7.2,synthetic,0.2338,0.2299,images\FARMER_0062_2024-10-18.npy,5,True,2.175,6.17
FARMER_0063,32.03563,77.224518,2024-11-22,14.0,synthetic,0.1822,0.2347,images\FARMER_0063_2024-11-22.npy,5,True,2.404,1.13
FARMER_0064,31.968037,75.839609,2024-10-12,6.8,synthetic,-0.0394,0.2421,images\FARMER_0064_2024-10-12.npy,5,True,0.1,2.42
FARMER_0065,30.991611,76.129466,2024-11-26,9.2,synthetic,0.0051,0.241,images\FARMER_0065_2024-11-26.npy,5,True,0.1,2.66
FARMER_0066,30.201179,76.380952,2024-10-21,12.1,synthetic,0.1151,0.2391,images\FARMER_0066_2024-10-21.npy,5,True,0.422,4.43
FARMER_0067,31.933714,76.737436,2024-10-21,8.7,synthetic,0.1712,0.2348,images\FARMER_0067_2024-10-21.npy,5,True,1.205,2.32
FARMER_0068,30.695872,76.372085,2024-11-02,1.7,synthetic,0.2265,0.2294,images\FARMER_0068_2024-11-02.npy,5,True,1.395,3.21
FARMER_0069,31.666987,77.290171,2024-11-15,12.3,synthetic,0.3948,0.2049,images\FARMER_0069_2024-11-15.npy,5,True,3.23,4.59
FARMER_0070,31.408154,76.274024,2024-11-07,3.1,synthetic,0.4045,0.2039,images\FARMER_0070_2024-11-07.npy,5,True,3.597,6.71
FARMER_0071,29.540362,74.198046,2024-10-16,4.3,synthetic,0.339,0.215,images\FARMER_0071_2024-10-16.npy,5,True,2.401,7.71
FARMER_0072,31.478838,74.025463,2024-10-18,7.9,synthetic,0.3156,0.2166,images\FARMER_0072_2024-10-18.npy,5,True,2.443,6.23
FARMER_0073,31.632494,74.243476,2024-10-04,9.4,synthetic,0.3771,0.2067,images\FARMER_0073_2024-10-04.npy,5,True,3.474,7.23
FARMER_0074,32.234999,75.435771,2024-10-09,1.8,synthetic,0.2509,0.2258,images\FARMER_0074_2024-10-09.npy,5,True,1.86,5.52
FARMER_0075,30.069728,77.438846,2024-10-07,10.5,synthetic,0.3059,0.2182,images\FARMER_0075_2024-10-07.npy,5,True,2.066,1.03
FARMER_0076,29.65169,74.215928,2024-10-04,6.2,synthetic,0.385,0.2067,images\FARMER_0076_2024-10-04.npy,5,True,3.36,6.48
FARMER_0077,31.306019,75.845523,2024-10-21,2.4,synthetic,0.3232,0.2157,images\FARMER_0077_2024-10-21.npy,5,True,2.995,3.26
FARMER_0078,30.469298,76.175667,2024-10-22,7.6,synthetic,-0.0286,0.2414,images\FARMER_0078_2024-10-22.npy,5,True,0.1,1.11
FARMER_0079,30.940571,76.507226,2024-11-25,7.0,synthetic,0.1728,0.2339,images\FARMER_0079_2024-11-25.npy,5,True,1.351,3.79
FARMER_0080,29.528769,75.511921,2024-11-05,8.5,synthetic,0.3979,0.2063,images\FARMER_0080_2024-11-05.npy,5,True,2.789,5.85
FARMER_0081,32.431768,75.874348,2024-11-18,2.4,synthetic,0.2185,0.2286,images\FARMER_0081_2024-11-18.npy,5,True,2.005,7.78
FARMER_0082,30.153397,75.691679,2024-11-21,7.3,synthetic,-0.0678,0.2414,images\FARMER_0082_2024-11-21.npy,5,True,0.1,3.44
FARMER_0083,30.376848,75.862695,2024-10-12,14.6,synthetic,0.4148,0.2009,images\FARMER_0083_2024-10-12.npy,5,True,2.892,2.31
FARMER_0084,29.551074,75.999853,2024-10-20,5.8,synthetic,0.2896,0.2217,images\FARMER_0084_2024-10-20.npy,5,True,1.441,1.76
FARMER_0085,31.277185,74.94664,2024-11-08,4.1,synthetic,0.2497,0.2288,images\FARMER_0085_2024-11-08.npy,5,True,2.636,6.11
FARMER_0086,30.142381,76.618876,2024-11-07,13.0,synthetic,0.3096,0.2191,images\FARMER_0086_2024-11-07.npy,5,True,2.537,7.0
FARMER_0087,32.058604,74.771419,2024-11-03,7.8,synthetic,0.1259,0.2352,images\FARMER_0087_2024-11-03.npy,5,True,0.93,4.6
FARMER_0088,30.200009,76.144793,2024-11-21,1.3,synthetic,0.3879,0.2048,images\FARMER_0088_2024-11-21.npy,5,True,3.015,4.7
FARMER_0089,30.702304,75.291781,2024-10-04,2.7,synthetic,0.4257,0.1985,images\FARMER_0089_2024-10-04.npy,5,True,3.068,2.43
FARMER_0090,32.294659,74.337707,2024-11-08,8.7,synthetic,0.3695,0.21,images\FARMER_0090_2024-11-08.npy,5,True,2.481,7.43
FARMER_0091,30.554873,75.032178,2024-11-11,1.4,synthetic,0.1917,0.2314,images\FARMER_0091_2024-11-11.npy,5,True,1.703,4.99
FARMER_0092,30.193331,74.863309,2024-11-22,4.9,synthetic,0.035,0.2404,images\FARMER_0092_2024-11-22.npy,5,True,0.432,6.67
FARMER_0093,30.518551,75.486393,2024-10-16,3.8,synthetic,0.2884,0.221,images\FARMER_0093_2024-10-16.npy,5,True,2.39,7.2
FARMER_0094,32.419937,76.72948,2024-11-03,4.0,synthetic,0.1191,0.2363,images\FARMER_0094_2024-11-03.npy,5,True,1.361,7.62
FARMER_0095,31.220095,76.183502,2024-10-07,3.1,synthetic,0.2645,0.2242,images\FARMER_0095_2024-10-07.npy,5,True,2.868,7.42
FARMER_0096,30.918325,76.061421,2024-10-06,10.6,synthetic,0.1172,0.2396,images\FARMER_0096_2024-10-06.npy,5,True,1.211,4.33
FARMER_0097,31.905845,77.39914,2024-10-23,5.8,synthetic,0.3726,0.2104,images\FARMER_0097_2024-10-23.npy,5,True,2.896,7.62
FARMER_0098,29.666353,76.702151,2024-11-26,11.4,synthetic,-0.0335,0.2424,images\FARMER_0098_2024-11-26.npy,5,True,0.344,5.71
FARMER_0099,30.070379,75.446601,2024-10-01,6.6,synthetic,0.0452,0.2419,images\FARMER_0099_2024-10-01.npy,5,True,0.1,7.92
FARMER_0100,29.851192,75.499829,2024-10-09,2.6,synthetic,0.3708,0.2091,images\FARMER_0100_2024-10-09.npy,5,True,2.968,5.39
FARMER_0101,32.016542,74.149008,2024-11-18,12.4,synthetic,0.3309,0.2148,images\FARMER_0101_2024-11-18.npy,5,True,2.476,4.95
FARMER_0102,31.496222,73.884415,2024-11-14,9.0,synthetic,0.075,0.2406,images\FARMER_0102_2024-11-14.npy,5,True,0.1,5.93
FARMER_0103,30.901854,77.34354,2024-10-09,9.2,synthetic,0.3626,0.2105,images\FARMER_0103_2024-10-09.npy,5,True,3.62,5.67
FARMER_0104,31.135176,74.1684,2024-11-17,7.4,synthetic,0.3317,0.2147,images\FARMER_0104_2024-11-17.npy,5,True,2.256,3.47
FARMER_0105,30.268397,74.391953,2024-11-03,9.9,synthetic,0.2643,0.2252,images\FARMER_0105_2024-11-03.npy,5,True,2.415,5.26
FARMER_0106,30.386083,77.482009,2024-11-27,11.4,synthetic,0.2306,0.2269,images\FARMER_0106_2024-11-27.npy,5,True,1.929,1.07
FARMER_0107,30.004747,75.202026,2024-10-16,7.0,synthetic,0.0916,0.2392,images\FARMER_0107_2024-10-16.npy,5,True,0.1,4.3
FARMER_0108,30.596125,76.597225,2024-11-04,7.0,synthetic,0.2624,0.2247,images\FARMER_0108_2024-11-04.npy,5,True,2.221,7.35
FARMER_0109,29.981,77.449949,2024-10-14,14.6,synthetic,0.324,0.2177,images\FARMER_0109_2024-10-14.npy,5,True,2.626,6.58
FARMER_0110,31.651821,77.269994,2024-11-14,14.3,synthetic,0.3715,0.2104,images\FARMER_0110_2024-11-14.npy,5,True,3.299,5.37
FARMER_0111,30.741253,76.28679,2024-11-15,7.8,synthetic,-0.0527,0.2432,images\FARMER_0111_2024-11-15.npy,5,True,0.1,4.99
FARMER_0112,29.692699,76.387202,2024-10-23,2.8,synthetic,0.0488,0.2399,images\FARMER_0112_2024-10-23.npy,5,True,0.272,1.79
FARMER_0113,30.067972,76.089827,2024-11-02,2.6,synthetic,0.4164,0.1999,images\FARMER_0113_2024-11-02.npy,5,True,3.127,7.62
FARMER_0114,31.113953,76.921277,2024-11-25,4.0,synthetic,0.173,0.2333,images\FARMER_0114_2024-11-25.npy,5,True,1.259,6.41
FARMER_0115,31.061532,74.653105,2024-10-16,8.8,synthetic,0.3024,0.2214,images\FARMER_0115_2024-10-16.npy,5,True,2.798,5.85
FARMER_0116,31.524241,74.941,2024-11-14,13.9,synthetic,0.0482,0.2401,images\FARMER_0116_2024-11-14.npy,5,True,0.1,1.44
FARMER_0117,31.526145,74.635899,2024-10-01,11.9,synthetic,0.0924,0.2401,images\FARMER_0117_2024-10-01.npy,5,True,1.166,4.78
FARMER_0118,29.953644,77.171216,2024-11-22,4.7,synthetic,0.3604,0.2095,images\FARMER_0118_2024-11-22.npy,5,True,3.053,4.51
FARMER_0119,30.705916,75.098733,2024-10-10,12.1,synthetic,0.0539,0.2404,images\FARMER_0119_2024-10-10.npy,5,True,0.577,1.95
FARMER_0120,31.261052,77.275367,2024-10-11,4.9,synthetic,0.0725,0.2404,images\FARMER_0120_2024-10-11.npy,5,True,0.647,7.98
FARMER_0121,31.256959,77.086772,2024-11-17,2.1,synthetic,0.2931,0.2213,images\FARMER_0121_2024-11-17.npy,5,True,1.558,2.94
FARMER_0122,29.882307,76.336105,2024-10-06,7.9,synthetic,0.0036,0.2437,images\FARMER_0122_2024-10-06.npy,5,True,0.1,1.08
FARMER_0123,30.733475,74.662179,2024-11-01,10.7,synthetic,0.4211,0.2002,images\FARMER_0123_2024-11-01.npy,5,True,3.351,4.59
FARMER_0124,31.399901,75.367414,2024-11-14,7.9,synthetic,0.3816,0.2072,images\FARMER_0124_2024-11-14.npy,5,True,3.233,5.31
FARMER_0125,30.380247,74.349027,2024-11-07,11.7,synthetic,0.0213,0.2407,images\FARMER_0125_2024-11-07.npy,5,True,0.1,4.65
FARMER_0126,30.895931,77.310317,2024-11-16,3.2,synthetic,0.3947,0.2059,images\FARMER_0126_2024-11-16.npy,5,True,3.509,6.88
FARMER_0127,32.400608,74.118393,2024-11-04,6.7,synthetic,0.2964,0.2215,images\FARMER_0127_2024-11-04.npy,5,True,2.167,2.08
FARMER_0128,29.506294,75.784366,2024-10-17,10.7,synthetic,0.3847,0.2058,images\FARMER_0128_2024-10-17.npy,5,True,3.297,2.82
FARMER_0129,30.838998,75.497328,2024-11-14,0.5,synthetic,0.0618,0.2388,images\FARMER_0129_2024-11-14.npy,5,True,1.075,2.12
FARMER_0130,29.880149,74.246205,2024-10-26,10.7,synthetic,0.293,0.2204,images\FARMER_0130_2024-10-26.npy,5,True,1.869,3.6
FARMER_0131,31.019361,75.887763,2024-10-26,13.1,synthetic,0.3289,0.2164,images\FARMER_0131_2024-10-26.npy,5,True,2.818,7.7
FARMER_0132,31.596201,77.00805,2024-10-08,13.9,synthetic,0.0442,0.2415,images\FARMER_0132_2024-10-08.npy,5,True,0.215,7.65
FARMER_0133,31.473724,77.094626,2024-10-25,11.1,synthetic,0.2159,0.231,images\FARMER_0133_2024-10-25.npy,5,True,2.202,5.15
FARMER_0134,32.166889,74.639578,2024-10-05,8.3,synthetic,0.3152,0.2173,images\FARMER_0134_2024-10-05.npy,5,True,2.192,6.27
FARMER_0135,30.010481,75.227032,2024-10-09,3.7,synthetic,0.242,0.2283,images\FARMER_0135_2024-10-09.npy,5,True,1.505,2.19
FARMER_0136,30.741115,76.142149,2024-10-01,4.6,synthetic,-0.0678,0.2406,images\FARMER_0136_2024-10-01.npy,5,True,0.1,4.98
FARMER_0137,30.185754,75.804854,2024-10-10,6.3,synthetic,0.3721,0.2091,images\FARMER_0137_2024-10-10.npy,5,True,2.742,5.89
FARMER_0138,31.408376,73.896669,2024-11-15,6.1,synthetic,0.0566,0.2393,images\FARMER_0138_2024-11-15.npy,5,True,0.449,5.09
FARMER_0139,31.258739,75.867795,2024-11-05,6.8,synthetic,0.2932,0.2208,images\FARMER_0139_2024-11-05.npy,5,True,1.699,4.79
FARMER_0140,30.299449,74.261005,2024-10-05,2.3,synthetic,0.0832,0.2399,images\FARMER_0140_2024-10-05.npy,5,True,0.551,4.87
FARMER_0141,30.426315,75.689443,2024-11-21,0.1,synthetic,0.0373,0.2425,images\FARMER_0141_2024-11-21.npy,5,True,0.398,1.58
FARMER_0142,29.871772,74.728685,2024-10-23,7.3,synthetic,0.3263,0.2162,images\FARMER_0142_2024-10-23.npy,5,True,3.54,5.29
FARMER_0143,31.57426,75.229659,2024-11-19,1.2,synthetic,-0.0055,0.2422,images\FARMER_0143_2024-11-19.npy,5,True,0.1,6.74
FARMER_0144,32.4478,77.105564,2024-10-11,9.7,synthetic,0.1058,0.2378,images\FARMER_0144_2024-10-11.npy,5,True,0.945,5.51
FARMER_0145,31.387717,76.610743,2024-11-07,13.4,synthetic,0.3589,0.2102,images\FARMER_0145_2024-11-07.npy,5,True,3.042,5.19
FARMER_0146,30.22534,76.46317,2024-10-13,5.4,synthetic,0.2562,0.2259,images\FARMER_0146_2024-10-13.npy,5,True,1.67,1.44
FARMER_0147,29.717931,75.933334,2024-11-05,2.0,synthetic,0.4164,0.2007,images\FARMER_0147_2024-11-05.npy,5,True,3.684,1.13
FARMER_0148,30.753993,77.120113,2024-11-01,3.9,synthetic,0.3119,0.2198,images\FARMER_0148_2024-11-01.npy,5,True,2.88,2.08
FARMER_0149,31.847326,73.972798,2024-10-02,13.7,synthetic,-0.0038,0.2415,images\FARMER_0149_2024-10-02.npy,5,True,0.381,1.99
FARMER_0150,29.798458,76.102029,2024-11-10,6.0,synthetic,-0.0304,0.2405,images\FARMER_0150_2024-11-10.npy,5,True,0.1,7.98
FARMER_0151,31.92983,75.590475,2024-10-05,7.4,synthetic,0.4238,0.1985,images\FARMER_0151_2024-10-05.npy,5,True,3.114,6.16
FARMER_0152,29.687067,75.119133,2024-11-22,2.7,synthetic,0.1735,0.2335,images\FARMER_0152_2024-11-22.npy,5,True,1.819,2.0
FARMER_0153,32.203062,76.921707,2024-11-11,1.2,synthetic,0.2717,0.2256,images\FARMER_0153_2024-11-11.npy,5,True,2.577,7.31
FARMER_0154,31.480676,75.465811,2024-11-19,3.8,synthetic,0.4087,0.2034,images\FARMER_0154_2024-11-19.npy,5,True,3.117,3.51
FARMER_0155,31.255205,75.952273,2024-10-27,12.5,synthetic,0.3816,0.2066,images\FARMER_0155_2024-10-27.npy,5,True,3.616,1.65
FARMER_0156,30.095647,77.074895,2024-10-12,5.0,synthetic,0.2056,0.2311,images\FARMER_0156_2024-10-12.npy,5,True,1.234,1.93
FARMER_0157,31.947345,74.044098,2024-11-06,5.6,synthetic,0.3066,0.2202,images\FARMER_0157_2024-11-06.npy,5,True,3.565,3.9
FARMER_0158,30.189639,74.037862,2024-11-09,4.8,synthetic,0.0845,0.2393,images\FARMER_0158_2024-11-09.npy,5,True,0.828,2.07
FARMER_0159,31.089172,76.784257,2024-11-04,10.0,synthetic,0.1952,0.231,images\FARMER_0159_2024-11-04.npy,5,True,1.542,7.57
FARMER_0160,29.910034,76.042784,2024-10-10,8.7,synthetic,0.4236,0.1992,images\FARMER_0160_2024-10-10.npy,5,True,3.559,2.63
FARMER_0161,29.528931,77.027567,2024-10-09,8.2,synthetic,0.0261,0.2408,images\FARMER_0161_2024-10-09.npy,5,True,0.1,1.65
FARMER_0162,31.7323,75.758103,2024-11-13,4.0,synthetic,0.4252,0.1992,images\FARMER_0162_2024-11-13.npy,5,True,3.513,6.47
FARMER_0163,30.511878,75.253503,2024-10-03,6.9,synthetic,-0.0111,0.2413,images\FARMER_0163_2024-10-03.npy,5,True,0.1,6.71
FARMER_0164,31.714471,76.827956,2024-11-08,13.2,synthetic,0.3108,0.2182,images\FARMER_0164_2024-11-08.npy,5,True,2.626,2.2
FARMER_0165,31.776443,76.381543,2024-10-06,0.5,synthetic,0.1238,0.2368,images\FARMER_0165_2024-10-06.npy,5,True,1.481,6.72
FARMER_0166,31.896352,76.73986,2024-11-08,3.1,synthetic,0.3164,0.2187,images\FARMER_0166_2024-11-08.npy,5,True,2.67,1.46
FARMER_0167,30.263936,74.780134,2024-10-01,9.8,synthetic,0.3774,0.2069,images\FARMER_0167_2024-10-01.npy,5,True,3.156,1.02
FARMER_0168,32.389017,75.586219,2024-11-01,11.1,synthetic,0.0759,0.2399,images\FARMER_0168_2024-11-01.npy,5,True,1.379,6.25
FARMER_0169,29.812492,74.431849,2024-11-12,14.9,synthetic,0.079,0.2402,images\FARMER_0169_2024-11-12.npy,5,True,0.591,2.19
FARMER_0170,29.584772,74.230792,2024-10-24,7.3,synthetic,0.3786,0.2048,images\FARMER_0170_2024-10-24.npy,5,True,2.89,6.83
FARMER_0171,31.427738,75.574431,2024-10-16,13.2,synthetic,0.3209,0.2168,images\FARMER_0171_2024-10-16.npy,5,True,2.493,5.76
FARMER_0172,30.716143,74.443225,2024-10-03,14.7,synthetic,0.3361,0.2155,images\FARMER_0172_2024-10-03.npy,5,True,2.272,4.47
FARMER_0173,32.021399,76.791836,2024-11-02,0.7,synthetic,0.2932,0.221,images\FARMER_0173_2024-11-02.npy,5,True,1.889,7.35
FARMER_0174,32.307095,75.552433,2024-10-04,2.0,synthetic,0.3211,0.2164,images\FARMER_0174_2024-10-04.npy,5,True,2.562,7.35
FARMER_0175,32.074842,74.392086,2024-10-22,9.4,synthetic,-0.0684,0.2416,images\FARMER_0175_2024-10-22.npy,5,True,0.1,5.08
FARMER_0176,31.46213,75.295262,2024-10-10,10.2,synthetic,-0.0467,0.2432,images\FARMER_0176_2024-10-10.npy,5,True,0.1,3.35
FARMER_0177,29.697383,75.534295,2024-10-01,6.8,synthetic,0.3099,0.2177,images\FARMER_0177_2024-10-01.npy,5,True,2.362,2.51
FARMER_0178,31.27518,74.646583,2024-10-02,9.6,synthetic,0.2762,0.225,images\FARMER_0178_2024-10-02.npy,5,True,1.796,2.97
FARMER_0179,30.680484,75.760964,2024-10-04,4.3,synthetic,0.3631,0.2106,images\FARMER_0179_2024-10-04.npy,5,True,2.757,1.99
FARMER_0180,29.924213,74.944409,2024-11-05,5.0,synthetic,-0.0271,0.2419,images\FARMER_0180_2024-11-05.npy,5,True,0.423,7.64
FARMER_0181,31.729575,76.616324,2024-10-26,12.3,synthetic,0.4017,0.2048,images\FARMER_0181_2024-10-26.npy,5,True,2.517,6.21
FARMER_0182,29.704954,76.185204,2024-11-05,2.6,synthetic,0.1565,0.2359,images\FARMER_0182_2024-11-05.npy,5,True,0.862,5.45
FARMER_0183,30.078474,75.106864,2024-11-11,14.6,synthetic,0.3559,0.2105,images\FARMER_0183_2024-11-11.npy,5,True,3.532,5.64
FARMER_0184,31.430888,75.595046,2024-10-25,1.4,synthetic,0.4131,0.2,images\FARMER_0184_2024-10-25.npy,5,True,2.748,1.96
FARMER_0185,31.102578,73.996064,2024-10-03,14.9,synthetic,0.1378,0.2378,images\FARMER_0185_2024-10-03.npy,5,True,0.559,5.71
FARMER_0186,29.766367,74.596089,2024-10-07,9.8,synthetic,0.3545,0.2128,images\FARMER_0186_2024-10-07.npy,5,True,2.91,4.54
FARMER_0187,29.743661,75.395377,2024-10-08,13.8,synthetic,0.1811,0.2343,images\FARMER_0187_2024-10-08.npy,5,True,1.748,7.06
FARMER_0188,31.399065,75.808055,2024-11-10,11.2,synthetic,0.1178,0.238,images\FARMER_0188_2024-11-10.npy,5,True,0.959,6.75
FARMER_0189,31.366021,76.549874,2024-11-11,2.4,synthetic,0.4029,0.2035,images\FARMER_0189_2024-11-11.npy,5,True,3.249,3.75
FARMER_0190,30.077397,76.117502,2024-10-17,6.8,synthetic,-0.091,0.2398,images\FARMER_0190_2024-10-17.npy,5,True,0.1,3.74
FARMER_0191,30.288294,75.510959,2024-10-02,10.4,synthetic,0.1305,0.2363,images\FARMER_0191_2024-10-02.npy,5,True,0.507,5.71
FARMER_0192,29.738652,75.582646,2024-11-18,14.6,synthetic,0.2281,0.2275,images\FARMER_0192_2024-11-18.npy,5,True,2.303,7.9
FARMER_0193,31.670088,77.202401,2024-10-23,14.9,synthetic,0.271,0.2251,images\FARMER_0193_2024-10-23.npy,5,True,3.194,7.57
FARMER_0194,31.104574,75.197842,2024-11-23,11.0,synthetic,0.0727,0.2391,images\FARMER_0194_2024-11-23.npy,5,True,0.501,2.72
FARMER_0195,29.671525,74.468537,2024-10-11,5.9,synthetic,0.3476,0.2122,images\FARMER_0195_2024-10-11.npy,5,True,3.09,3.68
FARMER_0196,32.488673,75.394545,2024-10-19,4.0,synthetic,0.418,0.1996,images\FARMER_0196_2024-10-19.npy,5,True,3.449,1.31
FARMER_0197,31.618691,77.266161,2024-10-25,5.3,synthetic,0.1455,0.2364,images\FARMER_0197_2024-10-25.npy,5,True,0.902,6.69
FARMER_0198,31.359656,74.383973,2024-10-07,0.5,synthetic,0.3901,0.2054,images\FARMER_0198_2024-10-07.npy,5,True,2.48,4.76
FARMER_0199,31.144955,75.56451,2024-11-17,14.1,synthetic,0.1477,0.2354,images\FARMER_0199_2024-11-17.npy,5,True,1.104,3.9
FARMER_0200,30.686538,77.111784,2024-11-08,4.3,synthetic,0.39,0.2041,images\FARMER_0200_2024-11-08.npy,5,True,3.679,7.0
FARMER_0201,32.109617,76.005795,2024-10-14,2.6,synthetic,0.1297,0.2369,images\FARMER_0201_2024-10-14.npy,5,True,0.857,3.76
FARMER_0202,29.622386,73.818504,2024-10-15,0.1,synthetic,0.0866,0.24,images\FARMER_0202_2024-10-15.npy,5,True,0.372,2.48
FARMER_0203,32.146765,76.292488,2024-11-22,14.4,synthetic,0.0143,0.2417,images\FARMER_0203_2024-11-22.npy,5,True,0.1,1.1
FARMER_0204,29.875335,75.30099,2024-11-17,4.7,synthetic,0.2948,0.2202,images\FARMER_0204_2024-11-17.npy,5,True,2.655,6.4
FARMER_0205,31.78664,74.699278,2024-10-23,8.7,synthetic,0.1417,0.2357,images\FARMER_0205_2024-10-23.npy,5,True,0.825,2.76
FARMER_0206,30.207131,75.37321,2024-11-02,9.7,synthetic,-0.0116,0.2433,images\FARMER_0206_2024-11-02.npy,5,True,0.205,6.82
FARMER_0207,30.839853,75.758695,2024-10-27,10.6,synthetic,0.0964,0.2387,images\FARMER_0207_2024-10-27.npy,5,True,0.864,1.79
FARMER_0208,31.787621,76.693492,2024-11-01,10.9,synthetic,0.138,0.2367,images\FARMER_0208_2024-11-01.npy,5,True,1.553,6.44
FARMER_0209,29.507909,74.757365,2024-10-17,1.1,synthetic,0.2189,0.2305,images\FARMER_0209_2024-10-17.npy,5,True,2.321,6.56
FARMER_0210,30.790369,75.140827,2024-10-07,5.6,synthetic,0.3246,0.216,images\FARMER_0210_2024-10-07.npy,5,True,2.595,3.05
FARMER_0211,29.806307,77.381277,2024-10-13,10.4,synthetic,0.2116,0.2318,images\FARMER_0211_2024-10-13.npy,5,True,1.188,7.27
FARMER_0212,30.991733,77.034763,2024-11-24,7.8,synthetic,-0.0026,0.2403,images\FARMER_0212_2024-11-24.npy,5,True,0.798,2.44
FARMER_0213,32.494113,77.322745,2024-10-11,5.7,synthetic,0.3048,0.2208,images\FARMER_0213_2024-10-11.npy,5,True,2.731,4.64
FARMER_0214,30.096064,73.976922,2024-11-18,7.6,synthetic,0.2861,0.2233,images\FARMER_0214_2024-11-18.npy,5,True,2.352,2.27
FARMER_0215,29.714903,76.603526,2024-11-15,2.0,synthetic,0.0749,0.2383,images\FARMER_0215_2024-11-15.npy,5,True,0.584,7.98
FARMER_0216,31.965712,76.608811,2024-11-22,5.9,synthetic,0.4008,0.203,images\FARMER_0216_2024-11-22.npy,5,True,3.28,3.07
FARMER_0217,32.309672,74.045549,2024-10-27,8.8,synthetic,0.2386,0.2259,images\FARMER_0217_2024-10-27.npy,5,True,1.962,3.83
FARMER_0218,29.612064,76.73438,2024-10-02,1.8,synthetic,0.4033,0.2031,images\FARMER_0218_2024-10-02.npy,5,True,2.753,6.05
FARMER_0219,29.999294,74.250718,2024-11-12,10.9,synthetic,0.398,0.205,images\FARMER_0219_2024-11-12.npy,5,True,3.164,3.02
FARMER_0220,29.709201,75.283813,2024-10-12,13.4,synthetic,-0.1085,0.2384,images\FARMER_0220_2024-10-12.npy,5,True,0.1,1.08
FARMER_0221,29.703604,74.491082,2024-10-03,11.7,synthetic,0.2617,0.2252,images\FARMER_0221_2024-10-03.npy,5,True,2.149,1.87
FARMER_0222,30.340234,76.838025,2024-11-05,4.6,synthetic,0.2371,0.23,images\FARMER_0222_2024-11-05.npy,5,True,2.162,5.19
FARMER_0223,31.389541,74.710233,2024-10-05,7.8,synthetic,0.3874,0.205,images\FARMER_0223_2024-10-05.npy,5,True,2.593,3.28
FARMER_0224,32.389056,76.76902,2024-11-15,6.8,synthetic,0.1315,0.2365,images\FARMER_0224_2024-11-15.npy,5,True,0.297,4.07
FARMER_0225,30.445027,75.684271,2024-10-11,2.4,synthetic,0.2818,0.2233,images\FARMER_0225_2024-10-11.npy,5,True,2.46,7.32
FARMER_0226,32.080908,74.932251,2024-10-19,9.8,synthetic,0.3618,0.2105,images\FARMER_0226_2024-10-19.npy,5,True,2.804,6.7
FARMER_0227,30.416643,75.317644,2024-11-03,4.4,synthetic,0.3596,0.2094,images\FARMER_0227_2024-11-03.npy,5,True,3.148,2.33
FARMER_0228,29.536986,75.929324,2024-10-21,5.9,synthetic,0.2506,0.2242,images\FARMER_0228_2024-10-21.npy,5,True,1.593,4.67
FARMER_0229,30.525907,75.361323,2024-10-06,6.8,synthetic,0.2081,0.2314,images\FARMER_0229_2024-10-06.npy,5,True,2.589,4.27
FARMER_0230,29.536519,75.928,2024-11-15,6.0,synthetic,0.423,0.1984,images\FARMER_0230_2024-11-15.npy,5,True,3.219,5.27
FARMER_0231,31.070591,74.866304,2024-11-02,4.8,synthetic,0.3558,0.2099,images\FARMER_0231_2024-11-02.npy,5,True,2.633,5.8
FARMER_0232,32.191082,73.836879,2024-11-26,3.1,synthetic,0.062,0.2389,images\FARMER_0232_2024-11-26.npy,5,True,0.304,7.46
FARMER_0233,31.860907,76.567964,2024-10-18,2.0,synthetic,0.3144,0.2189,images\FARMER_0233_2024-10-18.npy,5,True,2.309,5.72
FARMER_0234,30.776973,76.064825,2024-11-06,7.9,synthetic,0.0953,0.239,images\FARMER_0234_2024-11-06.npy,5,True,1.169,6.83
FARMER_0235,30.874104,76.135288,2024-11-10,14.3,synthetic,0.3817,0.2076,images\FARMER_0235_2024-11-10.npy,5,True,2.623,7.2
FARMER_0236,32.368352,77.481029,2024-10-04,14.7,synthetic,-0.0861,0.2407,images\FARMER_0236_2024-10-04.npy,5,True,0.1,7.27
FARMER_0237,29.799411,75.118184,2024-11-12,8.8,synthetic,0.2837,0.2203,images\FARMER_0237_2024-11-12.npy,5,True,2.686,5.88
FARMER_0238,31.476037,76.285602,2024-11-19,2.5,synthetic,0.2129,0.2293,images\FARMER_0238_2024-11-19.npy,5,True,2.705,5.87
FARMER_0239,32.027678,74.777496,2024-10-24,4.5,synthetic,0.1362,0.2368,images\FARMER_0239_2024-10-24.npy,5,True,1.726,5.04
FARMER_0240,31.803447,74.144018,2024-10-05,3.0,synthetic,-0.0394,0.2403,images\FARMER_0240_2024-10-05.npy,5,True,0.1,5.34
FARMER_0241,31.163576,75.261211,2024-10-05,15.0,synthetic,-0.1048,0.2376,images\FARMER_0241_2024-10-05.npy,5,True,0.1,3.87
FARMER_0242,32.36287,76.1853,2024-10-22,9.8,synthetic,0.0389,0.2406,images\FARMER_0242_2024-10-22.npy,5,True,0.627,3.36
FARMER_0243,31.760315,76.251678,2024-10-02,4.4,synthetic,0.0997,0.2389,images\FARMER_0243_2024-10-02.npy,5,True,0.1,2.41
FARMER_0244,31.704731,76.947429,2024-11-09,11.1,synthetic,0.2031,0.2302,images\FARMER_0244_2024-11-09.npy,5,True,1.193,2.6
FARMER_0245,32.222902,75.270666,2024-11-21,0.7,synthetic,-0.0484,0.2417,images\FARMER_0245_2024-11-21.npy,5,True,0.1,5.47
FARMER_0246,31.231421,76.111705,2024-10-20,11.4,synthetic,0.1685,0.2347,images\FARMER_0246_2024-10-20.npy,5,True,1.504,6.67
FARMER_0247,31.118172,74.582669,2024-10-03,6.5,synthetic,0.3706,0.2083,images\FARMER_0247_2024-10-03.npy,5,True,3.049,6.84
FARMER_0248,29.504242,75.768153,2024-10-25,13.6,synthetic,0.397,0.2036,images\FARMER_0248_2024-10-25.npy,5,True,3.479,1.17
FARMER_0249,29.857875,76.844231,2024-10-03,6.9,synthetic,0.3275,0.217,images\FARMER_0249_2024-10-03.npy,5,True,3.216,4.4
FARMER_0250,29.516017,74.192589,2024-10-03,6.4,synthetic,0.3409,0.2136,images\FARMER_0250_2024-10-03.npy,5,True,2.234,7.32
FARMER_0251,30.834404,76.098316,2024-11-25,10.4,synthetic,0.0214,0.2427,images\FARMER_0251_2024-11-25.npy,5,True,0.1,1.07
FARMER_0252,30.762348,74.092547,2024-10-24,11.2,synthetic,0.1522,0.2351,images\FARMER_0252_2024-10-24.npy,5,True,0.251,6.14
FARMER_0253,30.245434,75.663735,2024-11-08,10.3,synthetic,0.3916,0.2063,images\FARMER_0253_2024-11-08.npy,5,True,2.781,7.53
FARMER_0254,30.324756,75.417506,2024-10-13,5.1,synthetic,0.4016,0.2044,images\FARMER_0254_2024-10-13.npy,5,True,2.556,7.71
FARMER_0255,30.075019,74.336633,2024-10-18,4.3,synthetic,-0.0194,0.2426,images\FARMER_0255_2024-10-18.npy,5,True,0.1,4.81
FARMER_0256,30.96252,76.837601,2024-10-01,9.8,synthetic,0.2109,0.2292,images\FARMER_0256_2024-10-01.npy,5,True,2.817,7.92
FARMER_0257,29.822296,74.606204,2024-10-27,14.1,synthetic,0.0744,0.2385,images\FARMER_0257_2024-10-27.npy,5,True,0.362,1.46
FARMER_0258,30.519846,73.912054,2024-11-02,10.4,synthetic,-0.0339,0.2417,images\FARMER_0258_2024-11-02.npy,5,True,0.1,3.85
FARMER_0259,30.141974,74.623686,2024-10-20,13.2,synthetic,0.3714,0.2078,images\FARMER_0259_2024-10-20.npy,5,True,3.016,5.18
FARMER_0260,29.598519,77.182019,2024-10-15,7.0,synthetic,0.1392,0.2363,images\FARMER_0260_2024-10-15.npy,5,True,0.936,2.73
FARMER_0261,32.21183,75.463459,2024-10-15,1.1,synthetic,0.3899,0.2047,images\FARMER_0261_2024-10-15.npy,5,True,3.482,6.95
FARMER_0262,31.913826,75.354132,2024-11-27,2.4,synthetic,-0.0275,0.2419,images\FARMER_0262_2024-11-27.npy,5,True,0.1,7.85
FARMER_0263,30.714622,76.920928,2024-10-24,14.4,synthetic,0.2129,0.2314,images\FARMER_0263_2024-10-24.npy,5,True,1.627,5.59
FARMER_0264,31.86309,77.402377,2024-10-24,0.5,synthetic,0.1001,0.2383,images\FARMER_0264_2024-10-24.npy,5,True,1.01,6.32
FARMER_0265,30.458196,75.867455,2024-10-27,9.5,synthetic,0.4097,0.2009,images\FARMER_0265_2024-10-27.npy,5,True,2.253,4.99
FARMER_0266,29.965549,76.230855,2024-11-21,4.5,synthetic,0.3679,0.2097,images\FARMER_0266_2024-11-21.npy,5,True,2.811,1.13
FARMER_0267,32.333806,76.153729,2024-11-18,1.8,synthetic,0.381,0.2062,images\FARMER_0267_2024-11-18.npy,5,True,3.157,1.43
FARMER_0268,30.197602,77.428739,2024-11-21,2.0,synthetic,0.1451,0.2352,images\FARMER_0268_2024-11-21.npy,5,True,0.25,6.78
FARMER_0269,31.696714,76.27995,2024-11-22,0.6,synthetic,0.4158,0.2001,images\FARMER_0269_2024-11-22.npy,5,True,2.848,2.49
FARMER_0270,30.715052,77.169608,2024-10-02,14.1,synthetic,0.4253,0.1989,images\FARMER_0270_2024-10-02.npy,5,True,2.91,5.82
FARMER_0271,30.017943,77.021613,2024-11-24,1.0,synthetic,0.2932,0.2212,images\FARMER_0271_2024-11-24.npy,5,True,2.016,1.68
FARMER_0272,30.372875,76.901078,2024-11-15,9.8,synthetic,0.257,0.2267,images\FARMER_0272_2024-11-15.npy,5,True,1.392,5.53
FARMER_0273,31.893365,73.895413,2024-11-09,10.5,synthetic,0.3502,0.2125,images\FARMER_0273_2024-11-09.npy,5,True,1.903,6.34
FARMER_0274,30.998761,76.62253,2024-10-01,3.6,synthetic,0.3439,0.2142,images\FARMER_0274_2024-10-01.npy,5,True,3.131,6.57
FARMER_0275,29.763261,77.252836,2024-11-04,6.6,synthetic,0.2451,0.2277,images\FARMER_0275_2024-11-04.npy,5,True,1.931,6.16
FARMER_0276,31.068225,74.131722,2024-10-08,12.5,synthetic,0.213,0.2336,images\FARMER_0276_2024-10-08.npy,5,True,1.961,4.24
FARMER_0277,29.532842,74.08519,2024-11-14,10.9,synthetic,0.2128,0.2296,images\FARMER_0277_2024-11-14.npy,5,True,2.216,7.77
FARMER_0278,30.074517,74.153165,2024-11-26,5.1,synthetic,0.2815,0.2227,images\FARMER_0278_2024-11-26.npy,5,True,2.171,1.34
FARMER_0279,32.046407,75.456773,2024-10-24,14.4,synthetic,-0.0182,0.2407,images\FARMER_0279_2024-10-24.npy,5,True,0.1,2.96
FARMER_0280,30.765619,75.403184,2024-11-24,8.6,synthetic,0.182,0.2332,images\FARMER_0280_2024-11-24.npy,5,True,1.269,2.05
FARMER_0281,31.330644,74.16481,2024-10-18,1.8,synthetic,0.2431,0.227,images\FARMER_0281_2024-10-18.npy,5,True,1.601,3.3
FARMER_0282,31.797824,75.673297,2024-11-08,5.3,synthetic,0.1634,0.2353,images\FARMER_0282_2024-11-08.npy,5,True,1.756,4.98
FARMER_0283,31.370188,75.144494,2024-11-22,2.4,synthetic,0.2082,0.2294,images\FARMER_0283_2024-11-22.npy,5,True,1.194,7.36
FARMER_0284,32.19715,77.098936,2024-10-23,10.4,synthetic,0.3262,0.2178,images\FARMER_0284_2024-10-23.npy,5,True,2.404,1.54
FARMER_0285,32.469353,76.439219,2024-10-23,10.4,synthetic,0.2615,0.2258,images\FARMER_0285_2024-10-23.npy,5,True,2.75,4.63
FARMER_0286,31.314029,75.156607,2024-11-17,6.3,synthetic,0.0514,0.2397,images\FARMER_0286_2024-11-17.npy,5,True,0.625,3.11
FARMER_0287,29.876832,74.011705,2024-11-19,11.2,synthetic,0.1097,0.2383,images\FARMER_0287_2024-11-19.npy,5,True,1.233,7.04
FARMER_0288,30.882962,76.149271,2024-10-05,4.4,synthetic,0.0664,0.2389,images\FARMER_0288_2024-10-05.npy,5,True,0.54,6.33
FARMER_0289,30.470404,75.827763,2024-10-12,12.5,synthetic,0.2192,0.2305,images\FARMER_0289_2024-10-12.npy,5,True,2.105,4.72
FARMER_0290,32.029531,74.44026,2024-10-05,8.9,synthetic,0.1325,0.235,images\FARMER_0290_2024-10-05.npy,5,True,0.1,7.84
FARMER_0291,30.98525,74.720933,2024-10-01,14.3,synthetic,0.1842,0.2327,images\FARMER_0291_2024-10-01.npy,5,True,1.712,2.91
FARMER_0292,29.573812,76.268383,2024-10-21,2.0,synthetic,0.1185,0.237,images\FARMER_0292_2024-10-21.npy,5,True,0.446,3.35
FARMER_0293,30.93374,76.203077,2024-11-16,3.5,synthetic,0.299,0.2207,images\FARMER_0293_2024-11-16.npy,5,True,2.193,7.27
FARMER_0294,31.365933,74.662925,2024-11-08,8.7,synthetic,0.3846,0.208,images\FARMER_0294_2024-11-08.npy,5,True,3.047,2.76
FARMER_0295,31.723062,75.916209,2024-11-25,12.1,synthetic,0.1666,0.2325,images\FARMER_0295_2024-11-25.npy,5,True,1.177,2.96
FARMER_0296,31.432935,75.059922,2024-10-10,4.5,synthetic,0.1338,0.2348,images\FARMER_0296_2024-10-10.npy,5,True,0.737,5.54
FARMER_0297,30.12075,75.785135,2024-10-16,9.1,synthetic,-0.0351,0.2407,images\FARMER_0297_2024-10-16.npy,5,True,0.1,6.76
FARMER_0298,30.810693,75.455727,2024-10-09,9.6,synthetic,0.0767,0.2371,images\FARMER_0298_2024-10-09.npy,5,True,0.562,3.59
FARMER_0299,30.182998,74.252752,2024-10-12,11.0,synthetic,0.152,0.2346,images\FARMER_0299_2024-10-12.npy,5,True,1.352,7.84
FARMER_0300,31.425717,76.122033,2024-11-18,12.2,synthetic,-0.079,0.2401,images\FARMER_0300_2024-11-18.npy,5,True,0.1,6.27
FARMER_0301,31.093141,74.564183,2024-10-15,9.1,synthetic,-0.1054,0.2394,images\FARMER_0301_2024-10-15.npy,5,True,0.1,4.92
FARMER_0302,32.436535,75.152012,2024-10-20,11.9,synthetic,0.1867,0.234,images\FARMER_0302_2024-10-20.npy,5,True,1.032,2.35
FARMER_0303,29.786307,75.766054,2024-10-18,13.2,synthetic,0.2603,0.2258,images\FARMER_0303_2024-10-18.npy,5,True,2.557,7.5
FARMER_0304,30.162836,75.452674,2024-11-26,9.9,synthetic,0.3509,0.2126,images\FARMER_0304_2024-11-26.npy,5,True,2.381,4.06
FARMER_0305,32.483894,77.328712,2024-10-01,13.4,synthetic,0.1434,0.2369,images\FARMER_0305_2024-10-01.npy,5,True,1.375,4.87
FARMER_0306,32.146024,76.51899,2024-10-17,5.9,synthetic,-0.0455,0.2416,images\FARMER_0306_2024-10-17.npy,5,True,0.1,1.92
FARMER_0307,31.124605,74.162327,2024-11-24,11.4,synthetic,0.166,0.2354,images\FARMER_0307_2024-11-24.npy,5,True,1.38,1.04
FARMER_0308,29.802237,75.733024,2024-10-25,11.9,synthetic,0.1037,0.2378,images\FARMER_0308_2024-10-25.npy,5,True,0.401,4.44
FARMER_0309,29.835652,74.321333,2024-11-26,8.7,synthetic,-0.0282,0.2409,images\FARMER_0309_2024-11-26.npy,5,True,0.1,2.04
FARMER_0310,30.280142,77.37081,2024-10-07,0.9,synthetic,0.002,0.2407,images\FARMER_0310_2024-10-07.npy,5,True,0.1,1.35
FARMER_0311,30.877028,74.669401,2024-11-09,7.2,synthetic,0.1922,0.2326,images\FARMER_0311_2024-11-09.npy,5,True,1.179,6.8
FARMER_0312,31.476386,76.550693,2024-11-10,14.0,synthetic,0.3147,0.2171,images\FARMER_0312_2024-11-10.npy,5,True,2.874,1.12
FARMER_0313,30.751829,75.582515,2024-10-26,4.2,synthetic,0.3534,0.2112,images\FARMER_0313_2024-10-26.npy,5,True,3.067,6.65
FARMER_0314,30.585166,75.036741,2024-10-22,6.5,synthetic,0.3836,0.2069,images\FARMER_0314_2024-10-22.npy,5,True,3.305,6.69
FARMER_0315,30.555237,77.435334,2024-11-22,2.2,synthetic,0.2468,0.228,images\FARMER_0315_2024-11-22.npy,5,True,2.005,6.69
FARMER_0316,29.78957,75.546396,2024-10-15,2.0,synthetic,0.1319,0.2371,images\FARMER_0316_2024-10-15.npy,5,True,1.232,7.94
FARMER_0317,31.792591,77.428472,2024-11-20,14.1,synthetic,0.4222,0.1991,images\FARMER_0317_2024-11-20.npy,5,True,3.34,6.81
FARMER_0318,31.852771,76.287804,2024-10-17,3.7,synthetic,0.0368,0.2391,images\FARMER_0318_2024-10-17.npy,5,True,1.101,6.35
FARMER_0319,32.360989,75.18423,2024-11-26,0.8,synthetic,0.2968,0.2214,images\FARMER_0319_2024-11-26.npy,5,True,2.349,3.39
FARMER_0320,31.950169,76.87191,2024-10-10,10.2,synthetic,0.174,0.2348,images\FARMER_0320_2024-10-10.npy,5,True,1.84,6.5
FARMER_0321,31.575227,76.115511,2024-10-19,13.8,synthetic,0.1783,0.2355,images\FARMER_0321_2024-10-19.npy,5,True,1.407,1.44
FARMER_0322,30.097923,74.513544,2024-10-02,11.0,synthetic,0.0788,0.2407,images\FARMER_0322_2024-10-02.npy,5,True,0.869,3.07
FARMER_0323,32.44104,75.185396,2024-11-08,11.9,synthetic,0.3433,0.2123,images\FARMER_0323_2024-11-08.npy,5,True,2.612,3.01
FARMER_0324,29.62269,76.535438,2024-10-15,4.6,synthetic,0.3404,0.2142,images\FARMER_0324_2024-10-15.npy,5,True,2.534,4.08
FARMER_0325,31.651211,75.606816,2024-11-01,9.7,synthetic,0.1274,0.2381,images\FARMER_0325_2024-11-01.npy,5,True,0.712,4.46
FARMER_0326,30.822426,74.934658,2024-10-01,11.8,synthetic,0.2044,0.2305,images\FARMER_0326_2024-10-01.npy,5,True,2.2,7.67
FARMER_0327,31.077927,75.182158,2024-10-24,11.5,synthetic,0.3351,0.214,images\FARMER_0327_2024-10-24.npy,5,True,2.186,6.14
FARMER_0328,30.307029,74.22199,2024-11-27,0.3,synthetic,0.2772,0.2242,images\FARMER_0328_2024-11-27.npy,5,True,1.761,3.53
FARMER_0329,30.3033,75.155954,2024-10-05,6.8,synthetic,-0.0409,0.2401,images\FARMER_0329_2024-10-05.npy,5,True,0.1,5.29
FARMER_0330,32.228425,74.093509,2024-11-09,0.0,synthetic,0.0766,0.2388,images\FARMER_0330_2024-11-09.npy,5,True,0.642,4.45
FARMER_0331,31.274946,76.375497,2024-11-23,10.0,synthetic,0.2626,0.2246,images\FARMER_0331_2024-11-23.npy,5,True,2.245,4.1
FARMER_0332,29.960063,75.120248,2024-10-02,8.6,synthetic,-0.0664,0.2398,images\FARMER_0332_2024-10-02.npy,5,True,0.1,2.12
FARMER_0333,31.115514,76.993722,2024-10-05,8.2,synthetic,0.3758,0.2102,images\FARMER_0333_2024-10-05.npy,5,True,3.278,3.4
FARMER_0334,30.280333,73.997384,2024-10-07,6.8,synthetic,0.4013,0.2041,images\FARMER_0334_2024-10-07.npy,5,True,2.142,2.92
FARMER_0335,30.690774,74.365787,2024-11-09,13.3,synthetic,0.0939,0.2377,images\FARMER_0335_2024-11-09.npy,5,True,0.711,5.08
FARMER_0336,31.23803,77.061641,2024-10-09,13.0,synthetic,0.1646,0.2347,images\FARMER_0336_2024-10-09.npy,5,True,1.004,1.06
FARMER_0337,32.250621,76.095199,2024-11-03,1.8,synthetic,0.2854,0.2214,images\FARMER_0337_2024-11-03.npy,5,True,2.588,4.68
FARMER_0338,29.67981,76.460584,2024-10-02,9.7,synthetic,0.1641,0.2342,images\FARMER_0338_2024-10-02.npy,5,True,1.235,7.93
FARMER_0339,31.780584,76.864204,2024-10-27,12.9,synthetic,0.3076,0.2179,images\FARMER_0339_2024-10-27.npy,5,True,2.15,7.04
FARMER_0340,30.722323,74.357531,2024-10-23,2.6,synthetic,0.4145,0.2003,images\FARMER_0340_2024-10-23.npy,5,True,2.971,4.92
FARMER_0341,29.746817,75.853195,2024-10-10,6.6,synthetic,0.3776,0.2087,images\FARMER_0341_2024-10-10.npy,5,True,2.482,1.39
FARMER_0342,29.857161,77.416658,2024-11-24,2.2,synthetic,0.1761,0.2347,images\FARMER_0342_2024-11-24.npy,5,True,1.872,7.57
FARMER_0343,31.723984,77.019241,2024-10-20,2.8,synthetic,-0.0983,0.2378,images\FARMER_0343_2024-10-20.npy,5,True,0.1,7.95
FARMER_0344,31.268803,76.011912,2024-10-14,9.9,synthetic,0.3368,0.216,images\FARMER_0344_2024-10-14.npy,5,True,2.49,1.64
FARMER_0345,30.429268,76.179629,2024-11-04,0.1,synthetic,0.1407,0.2355,images\FARMER_0345_2024-11-04.npy,5,True,1.775,7.91
FARMER_0346,30.712626,74.67547,2024-11-01,0.3,synthetic,0.1053,0.2389,images\FARMER_0346_2024-11-01.npy,5,True,0.871,1.56
FARMER_0347,29.662168,74.998138,2024-10-02,5.8,synthetic,-0.0182,0.2433,images\FARMER_0347_2024-10-02.npy,5,True,0.1,3.43
FARMER_0348,31.061399,74.792622,2024-10-11,8.2,synthetic,0.368,0.2096,images\FARMER_0348_2024-10-11.npy,5,True,3.095,5.67
FARMER_0349,29.550329,75.655909,2024-11-06,3.7,synthetic,0.0758,0.2393,images\FARMER_0349_2024-11-06.npy,5,True,1.008,7.66
FARMER_0350,30.734853,76.929103,2024-10-03,13.8,synthetic,0.0633,0.241,images\FARMER_0350_2024-10-03.npy,5,True,0.172,5.7
FARMER_0351,30.779966,76.662371,2024-10-15,5.4,synthetic,0.3099,0.22,images\FARMER_0351_2024-10-15.npy,5,True,1.804,7.23
FARMER_0352,29.630611,76.152483,2024-10-20,12.4,synthetic,0.1953,0.2326,images\FARMER_0352_2024-10-20.npy,5,True,1.336,6.77
FARMER_0353,31.501282,74.411695,2024-10-14,13.8,synthetic,0.2321,0.2292,images\FARMER_0353_2024-10-14.npy,5,True,1.624,7.83
FARMER_0354,32.129394,75.143376,2024-10-15,2.7,synthetic,0.0251,0.2414,images\FARMER_0354_2024-10-15.npy,5,True,0.625,7.87
FARMER_0355,31.908821,73.834863,2024-10-16,6.3,synthetic,0.1138,0.2388,images\FARMER_0355_2024-10-16.npy,5,True,0.477,3.11
FARMER_0356,32.351218,76.101882,2024-10-15,4.7,synthetic,0.241,0.2279,images\FARMER_0356_2024-10-15.npy,5,True,1.625,5.89
FARMER_0357,29.937379,74.340121,2024-10-08,7.5,synthetic,0.3119,0.2181,images\FARMER_0357_2024-10-08.npy,5,True,1.875,6.18
FARMER_0358,31.801892,73.953141,2024-10-25,14.8,synthetic,0.4029,0.2015,images\FARMER_0358_2024-10-25.npy,5,True,2.943,3.87
FARMER_0359,31.900726,75.193041,2024-11-17,0.5,synthetic,0.1554,0.2338,images\FARMER_0359_2024-11-17.npy,5,True,1.247,3.12
FARMER_0360,29.991642,75.649415,2024-10-12,14.6,synthetic,-0.0053,0.2412,images\FARMER_0360_2024-10-12.npy,5,True,0.1,6.57
FARMER_0361,31.425179,75.666545,2024-11-16,9.2,synthetic,0.3473,0.2136,images\FARMER_0361_2024-11-16.npy,5,True,2.662,4.91
FARMER_0362,30.407722,76.449283,2024-11-25,11.7,synthetic,0.2662,0.2256,images\FARMER_0362_2024-11-25.npy,5,True,2.312,4.62
FARMER_0363,30.795551,77.384802,2024-11-02,12.3,synthetic,0.3375,0.2147,images\FARMER_0363_2024-11-02.npy,5,True,2.071,7.47
FARMER_0364,31.04709,73.976962,2024-11-22,10.5,synthetic,0.1968,0.2332,images\FARMER_0364_2024-11-22.npy,5,True,1.857,2.64
FARMER_0365,32.368426,74.621498,2024-10-23,8.0,synthetic,0.3792,0.2095,images\FARMER_0365_2024-10-23.npy,5,True,2.371,5.29
FARMER_0366,31.14053,77.182893,2024-10-12,6.0,synthetic,0.1942,0.232,images\FARMER_0366_2024-10-12.npy,5,True,2.281,5.62
FARMER_0367,30.597756,74.169528,2024-10-19,1.1,synthetic,0.2382,0.2285,images\FARMER_0367_2024-10-19.npy,5,True,2.131,3.27
FARMER_0368,32.447853,75.584769,2024-10-05,15.0,synthetic,0.2684,0.2247,images\FARMER_0368_2024-10-05.npy,5,True,1.923,5.51
FARMER_0369,32.289034,76.056475,2024-10-06,5.1,synthetic,0.3996,0.2039,images\FARMER_0369_2024-10-06.npy,5,True,4.099,4.21
FARMER_0370,30.740238,75.94262,2024-11-12,2.6,synthetic,0.1206,0.2376,images\FARMER_0370_2024-11-12.npy,5,True,1.194,3.32
FARMER_0371,29.83999,74.522023,2024-10-12,10.3,synthetic,0.1846,0.2351,images\FARMER_0371_2024-10-12.npy,5,True,1.881,6.34
FARMER_0372,30.669704,73.816997,2024-11-13,8.8,synthetic,0.106,0.2357,images\FARMER_0372_2024-11-13.npy,5,True,1.939,7.24
FARMER_0373,31.800812,76.789954,2024-10-25,12.7,synthetic,-0.1037,0.2385,images\FARMER_0373_2024-10-25.npy,5,True,0.1,1.4
FARMER_0374,31.048616,74.345641,2024-10-12,6.8,synthetic,0.4042,0.2026,images\FARMER_0374_2024-10-12.npy,5,True,3.556,2.98
FARMER_0375,31.753482,74.569208,2024-11-02,3.8,synthetic,0.3153,0.2174,images\FARMER_0375_2024-11-02.npy,5,True,2.75,3.69
FARMER_0376,31.377162,73.861541,2024-11-01,2.8,synthetic,0.1906,0.2311,images\FARMER_0376_2024-11-01.npy,5,True,1.693,3.72
FARMER_0377,29.743657,76.912564,2024-11-13,11.7,synthetic,0.1411,0.2377,images\FARMER_0377_2024-11-13.npy,5,True,0.857,3.89
FARMER_0378,29.683151,75.58548,2024-11-01,7.7,synthetic,-0.0117,0.2423,images\FARMER_0378_2024-11-01.npy,5,True,0.488,2.39
FARMER_0379,29.711554,74.60468,2024-11-26,12.8,synthetic,0.1391,0.2352,images\FARMER_0379_2024-11-26.npy,5,True,0.788,6.7
FARMER_0380,30.240885,74.191122,2024-10-09,8.1,synthetic,0.0102,0.2419,images\FARMER_0380_2024-10-09.npy,5,True,0.1,5.2
FARMER_0381,30.311165,75.519248,2024-11-08,0.5,synthetic,0.3003,0.2197,images\FARMER_0381_2024-11-08.npy,5,True,2.144,2.94
FARMER_0382,30.472129,73.82975,2024-11-06,10.9,synthetic,0.3816,0.2062,images\FARMER_0382_2024-11-06.npy,5,True,2.954,7.01
FARMER_0383,29.767713,76.096912,2024-11-03,7.6,synthetic,0.4087,0.2029,images\FARMER_0383_2024-11-03.npy,5,True,3.62,4.77
FARMER_0384,31.857941,75.856533,2024-10-24,10.2,synthetic,0.0451,0.2396,images\FARMER_0384_2024-10-24.npy,5,True,0.85,3.68
FARMER_0385,31.26917,75.630793,2024-10-22,14.9,synthetic,0.4267,0.1992,images\FARMER_0385_2024-10-22.npy,5,True,3.495,4.47
FARMER_0386,31.253197,75.686988,2024-10-13,9.4,synthetic,0.418,0.2002,images\FARMER_0386_2024-10-13.npy,5,True,3.544,6.1
FARMER_0387,29.709113,75.722383,2024-11-06,10.3,synthetic,0.1938,0.2338,images\FARMER_0387_2024-11-06.npy,5,True,1.854,4.46
FARMER_0388,30.501249,74.20032,2024-11-16,14.1,synthetic,0.1616,0.2346,images\FARMER_0388_2024-11-16.npy,5,True,1.299,5.04
FARMER_0389,30.991499,74.404335,2024-11-18,13.8,synthetic,-0.1019,0.2408,images\FARMER_0389_2024-11-18.npy,5,True,0.1,1.02
FARMER_0390,32.373577,74.714168,2024-10-24,2.1,synthetic,0.3984,0.204,images\FARMER_0390_2024-10-24.npy,5,True,3.314,6.04
FARMER_0391,31.353276,76.730764,2024-11-21,8.3,synthetic,0.3537,0.2111,images\FARMER_0391_2024-11-21.npy,5,True,2.244,6.65
FARMER_0392,31.534699,76.503535,2024-10-09,12.8,synthetic,-0.0077,0.2427,images\FARMER_0392_2024-10-09.npy,5,True,0.1,2.04
FARMER_0393,32.380385,75.074001,2024-11-02,8.6,synthetic,0.241,0.2266,images\FARMER_0393_2024-11-02.npy,5,True,2.167,7.89
FARMER_0394,30.930596,73.883485,2024-10-16,4.9,synthetic,0.3806,0.2081,images\FARMER_0394_2024-10-16.npy,5,True,3.033,6.12
FARMER_0395,30.419045,76.071431,2024-11-21,14.9,synthetic,0.0933,0.2383,images\FARMER_0395_2024-11-21.npy,5,True,0.1,5.81
FARMER_0396,30.986625,74.643527,2024-11-07,7.5,synthetic,0.2052,0.2293,images\FARMER_0396_2024-11-07.npy,5,True,2.22,2.23
FARMER_0397,30.031347,75.836438,2024-11-12,11.4,synthetic,0.3541,0.2104,images\FARMER_0397_2024-11-12.npy,5,True,2.751,6.25
FARMER_0398,32.368399,75.80481,2024-11-20,12.4,synthetic,0.3998,0.2055,images\FARMER_0398_2024-11-20.npy,5,True,2.545,5.07
FARMER_0399,30.728768,77.187565,2024-10-15,10.9,synthetic,0.3927,0.2053,images\FARMER_0399_2024-10-15.npy,5,True,3.379,1.48
FARMER_0400,31.945595,74.10284,2024-11-07,12.1,synthetic,0.1209,0.2371,images\FARMER_0400_2024-11-07.npy,5,True,1.155,1.9
FARMER_0401,30.669865,74.298009,2024-10-27,9.2,synthetic,0.1555,0.2351,images\FARMER_0401_2024-10-27.npy,5,True,1.361,1.15
FARMER_0402,31.1722,76.260962,2024-11-23,2.6,synthetic,-0.0534,0.2396,images\FARMER_0402_2024-11-23.npy,5,True,0.1,2.72
FARMER_0403,31.516208,74.1578,2024-10-06,11.8,synthetic,0.1459,0.2371,images\FARMER_0403_2024-10-06.npy,5,True,0.717,1.24
FARMER_0404,30.951498,77.156695,2024-10-21,6.0,synthetic,0.0998,0.2392,images\FARMER_0404_2024-10-21.npy,5,True,0.363,3.29
FARMER_0405,30.452026,76.918864,2024-11-16,1.2,synthetic,0.2219,0.2284,images\FARMER_0405_2024-11-16.npy,5,True,1.948,2.01
FARMER_0406,30.518604,74.020713,2024-11-12,12.4,synthetic,0.3818,0.2056,images\FARMER_0406_2024-11-12.npy,5,True,3.453,4.16
FARMER_0407,30.289197,75.690505,2024-10-16,4.7,synthetic,0.4184,0.201,images\FARMER_0407_2024-10-16.npy,5,True,3.752,2.01
FARMER_0408,31.729758,76.907553,2024-10-12,5.9,synthetic,0.3675,0.2096,images\FARMER_0408_2024-10-12.npy,5,True,2.524,3.96
FARMER_0409,31.63286,74.33051,2024-11-14,8.3,synthetic,0.3864,0.2069,images\FARMER_0409_2024-11-14.npy,5,True,2.61,4.74
FARMER_0410,31.203016,76.144972,2024-11-26,0.3,synthetic,0.0963,0.2381,images\FARMER_0410_2024-11-26.npy,5,True,1.267,7.0
FARMER_0411,29.655771,75.872019,2024-10-14,3.4,synthetic,-0.0978,0.2396,images\FARMER_0411_2024-10-14.npy,5,True,0.1,3.21
FARMER_0412,30.946666,77.40619,2024-10-24,12.0,synthetic,0.1551,0.2346,images\FARMER_0412_2024-10-24.npy,5,True,0.662,4.29
FARMER_0413,32.231146,76.746973,2024-10-19,4.0,synthetic,0.3698,0.21,images\FARMER_0413_2024-10-19.npy,5,True,2.518,5.82
FARMER_0414,30.429408,75.053776,2024-11-27,13.4,synthetic,0.4003,0.2032,images\FARMER_0414_2024-11-27.npy,5,True,3.206,4.4
FARMER_0415,32.366991,74.945661,2024-10-01,9.5,synthetic,0.4169,0.1995,images\FARMER_0415_2024-10-01.npy,5,True,2.45,3.37
FARMER_0416,29.670843,74.592295,2024-11-04,2.2,synthetic,0.0838,0.2407,images\FARMER_0416_2024-11-04.npy,5,True,1.012,1.84
FARMER_0417,31.107053,75.843069,2024-10-23,9.1,synthetic,-0.0399,0.2427,images\FARMER_0417_2024-10-23.npy,5,True,0.1,6.08
FARMER_0418,31.567633,75.023099,2024-10-16,4.9,synthetic,0.0291,0.2416,images\FARMER_0418_2024-10-16.npy,5,True,0.1,7.24
FARMER_0419,31.176967,74.889063,2024-11-09,5.7,synthetic,0.289,0.2219,images\FARMER_0419_2024-11-09.npy,5,True,2.144,6.46
FARMER_0420,31.639124,74.769629,2024-11-12,12.1,synthetic,0.3759,0.2079,images\FARMER_0420_2024-11-12.npy,5,True,3.06,3.8
FARMER_0421,29.910588,74.480445,2024-10-10,14.2,synthetic,0.2746,0.2232,images\FARMER_0421_2024-10-10.npy,5,True,2.383,5.23
FARMER_0422,30.506578,76.438216,2024-10-22,13.0,synthetic,0.1718,0.2344,images\FARMER_0422_2024-10-22.npy,5,True,0.758,4.39
FARMER_0423,30.012675,74.951765,2024-10-19,4.3,synthetic,0.2573,0.2259,images\FARMER_0423_2024-10-19.npy,5,True,2.248,2.13
FARMER_0424,31.760703,74.147558,2024-10-27,7.1,synthetic,0.3204,0.2165,images\FARMER_0424_2024-10-27.npy,5,True,2.755,4.4
FARMER_0425,30.419736,76.016713,2024-10-17,14.9,synthetic,0.3958,0.2059,images\FARMER_0425_2024-10-17.npy,5,True,3.858,1.1
FARMER_0426,31.10528,74.812516,2024-10-19,4.8,synthetic,-0.0178,0.2411,images\FARMER_0426_2024-10-19.npy,5,True,0.85,4.4
FARMER_0427,29.822933,75.612125,2024-11-02,10.8,synthetic,0.114,0.2387,images\FARMER_0427_2024-11-02.npy,5,True,1.313,5.18
FARMER_0428,31.864846,76.855502,2024-10-24,8.5,synthetic,0.3353,0.213,images\FARMER_0428_2024-10-24.npy,5,True,2.266,5.72
FARMER_0429,29.612504,74.88742,2024-11-20,2.7,synthetic,0.4282,0.1973,images\FARMER_0429_2024-11-20.npy,5,True,2.539,2.42
FARMER_0430,30.505804,75.19303,2024-10-07,3.6,synthetic,0.4151,0.2014,images\FARMER_0430_2024-10-07.npy,5,True,3.58,5.65
FARMER_0431,31.934648,77.350482,2024-11-07,9.0,synthetic,0.2634,0.2239,images\FARMER_0431_2024-11-07.npy,5,True,1.892,6.05
FARMER_0432,31.129028,75.564894,2024-11-23,12.3,synthetic,-0.0435,0.2428,images\FARMER_0432_2024-11-23.npy,5,True,0.1,3.44
FARMER_0433,29.914416,76.967355,2024-11-18,5.3,synthetic,0.3203,0.2179,images\FARMER_0433_2024-11-18.npy,5,True,2.431,6.44
FARMER_0434,29.881109,76.570513,2024-11-01,10.8,synthetic,0.0496,0.2439,images\FARMER_0434_2024-11-01.npy,5,True,0.916,1.48
FARMER_0435,30.514754,73.929217,2024-11-05,6.7,synthetic,0.2389,0.2271,images\FARMER_0435_2024-11-05.npy,5,True,1.556,4.4
FARMER_0436,31.700172,75.117972,2024-11-03,2.8,synthetic,-0.0851,0.2404,images\FARMER_0436_2024-11-03.npy,5,True,0.1,2.37
FARMER_0437,32.251798,74.813277,2024-10-10,9.9,synthetic,0.3185,0.2178,images\FARMER_0437_2024-10-10.npy,5,True,2.288,3.68
FARMER_0438,31.232688,76.92119,2024-11-01,6.9,synthetic,0.1409,0.2364,images\FARMER_0438_2024-11-01.npy,5,True,1.456,1.27
FARMER_0439,29.767527,76.055428,2024-10-01,14.8,synthetic,-0.0834,0.2383,images\FARMER_0439_2024-10-01.npy,5,True,0.1,5.16
FARMER_0440,32.289811,74.496181,2024-11-16,5.2,synthetic,0.3906,0.2051,images\FARMER_0440_2024-11-16.npy,5,True,2.676,7.55
FARMER_0441,30.193721,75.020493,2024-10-05,11.3,synthetic,-0.0754,0.2419,images\FARMER_0441_2024-10-05.npy,5,True,0.1,5.26
FARMER_0442,32.279735,77.099102,2024-11-26,5.3,synthetic,0.2321,0.2291,images\FARMER_0442_2024-11-26.npy,5,True,2.316,2.98
FARMER_0443,30.571819,74.357145,2024-11-24,7.3,synthetic,0.2062,0.2317,images\FARMER_0443_2024-11-24.npy,5,True,1.455,4.12
FARMER_0444,29.774846,74.275911,2024-11-09,1.1,synthetic,0.4248,0.199,images\FARMER_0444_2024-11-09.npy,5,True,3.624,3.43
FARMER_0445,31.915373,74.209771,2024-11-09,8.9,synthetic,0.1874,0.2314,images\FARMER_0445_2024-11-09.npy,5,True,1.703,1.88
FARMER_0446,31.695788,74.952727,2024-11-11,1.5,synthetic,0.423,0.1995,images\FARMER_0446_2024-11-11.npy,5,True,3.499,1.03
FARMER_0447,31.805923,75.973644,2024-10-14,4.5,synthetic,0.3782,0.2082,images\FARMER_0447_2024-10-14.npy,5,True,2.983,6.53
FARMER_0448,30.568031,76.693012,2024-11-18,0.5,synthetic,0.3323,0.2136,images\FARMER_0448_2024-11-18.npy,5,True,2.969,5.17
FARMER_0449,31.49817,74.39179,2024-11-17,14.1,synthetic,0.1235,0.2372,images\FARMER_0449_2024-11-17.npy,5,True,1.192,2.98
FARMER_0450,30.638403,76.858157,2024-11-04,8.7,synthetic,0.2795,0.2237,images\FARMER_0450_2024-11-04.npy,5,True,2.275,2.19
FARMER_0451,31.407908,77.390191,2024-10-07,7.9,synthetic,0.2354,0.2293,images\FARMER_0451_2024-10-07.npy,5,True,1.899,7.43
FARMER_0452,30.696407,76.724956,2024-11-13,5.1,synthetic,0.3916,0.205,images\FARMER_0452_2024-11-13.npy,5,True,3.053,7.72
FARMER_0453,31.561563,76.433872,2024-10-17,11.9,synthetic,0.2627,0.2262,images\FARMER_0453_2024-10-17.npy,5,True,1.813,3.59
FARMER_0454,31.625073,75.13015,2024-11-01,10.6,synthetic,0.0059,0.2409,images\FARMER_0454_2024-11-01.npy,5,True,0.102,1.5
FARMER_0455,30.690952,76.103523,2024-11-04,12.4,synthetic,0.3232,0.2171,images\FARMER_0455_2024-11-04.npy,5,True,2.661,1.76
FARMER_0456,31.391037,76.193686,2024-11-06,12.9,synthetic,0.1431,0.2365,images\FARMER_0456_2024-11-06.npy,5,True,1.231,5.04
FARMER_0457,30.252245,75.560889,2024-10-09,8.0,synthetic,0.3777,0.2094,images\FARMER_0457_2024-10-09.npy,5,True,3.411,4.03
FARMER_0458,29.822324,76.119683,2024-10-06,12.8,synthetic,0.4264,0.1994,images\FARMER_0458_2024-10-06.npy,5,True,3.741,7.6
FARMER_0459,31.912543,74.516733,2024-11-03,12.8,synthetic,0.0622,0.24,images\FARMER_0459_2024-11-03.npy,5,True,0.759,5.36
FARMER_0460,30.853814,77.157105,2024-11-06,4.2,synthetic,0.2603,0.2259,images\FARMER_0460_2024-11-06.npy,5,True,2.523,1.61
FARMER_0461,30.317123,76.627205,2024-10-10,14.2,synthetic,0.11,0.2392,images\FARMER_0461_2024-10-10.npy,5,True,0.289,3.85
FARMER_0462,30.005915,76.666385,2024-10-12,13.0,synthetic,0.2886,0.2211,images\FARMER_0462_2024-10-12.npy,5,True,1.894,5.34
FARMER_0463,29.728764,76.592785,2024-11-25,3.0,synthetic,-0.1047,0.2388,images\FARMER_0463_2024-11-25.npy,5,True,0.1,7.94
FARMER_0464,31.354112,74.750349,2024-11-14,2.4,synthetic,-0.0663,0.2402,images\FARMER_0464_2024-11-14.npy,5,True,0.1,3.52
FARMER_0465,31.023422,76.635549,2024-11-25,10.0,synthetic,0.2036,0.2321,images\FARMER_0465_2024-11-25.npy,5,True,1.832,6.98
FARMER_0466,30.256084,74.579187,2024-11-03,2.9,synthetic,0.4276,0.1983,images\FARMER_0466_2024-11-03.npy,5,True,3.011,5.07
FARMER_0467,32.444681,73.949577,2024-10-09,12.7,synthetic,0.1075,0.2397,images\FARMER_0467_2024-10-09.npy,5,True,0.432,4.65
FARMER_0468,32.026629,75.205863,2024-10-22,8.3,synthetic,0.3643,0.2104,images\FARMER_0468_2024-10-22.npy,5,True,3.446,2.86
FARMER_0469,29.905142,77.118865,2024-10-20,11.6,synthetic,0.3642,0.2092,images\FARMER_0469_2024-10-20.npy,5,True,2.648,4.5
FARMER_0470,31.986055,74.594712,2024-10-02,7.7,synthetic,-0.0989,0.2393,images\FARMER_0470_2024-10-02.npy,5,True,0.1,4.08
FARMER_0471,31.523793,77.111942,2024-10-13,5.7,synthetic,0.4193,0.1996,images\FARMER_0471_2024-10-13.npy,5,True,3.672,1.93
FARMER_0472,31.210187,75.887356,2024-10-21,9.6,synthetic,0.4163,0.2003,images\FARMER_0472_2024-10-21.npy,5,True,3.184,2.91
FARMER_0473,31.645189,74.992849,2024-10-09,8.4,synthetic,0.1901,0.2319,images\FARMER_0473_2024-10-09.npy,5,True,1.748,4.94
FARMER_0474,31.675926,75.743688,2024-11-16,14.6,synthetic,0.2565,0.2247,images\FARMER_0474_2024-11-16.npy,5,True,1.962,5.06
FARMER_0475,30.936847,75.182619,2024-10-21,11.1,synthetic,0.3109,0.2196,images\FARMER_0475_2024-10-21.npy,5,True,2.107,5.19
FARMER_0476,31.995813,77.379477,2024-10-07,8.8,synthetic,0.2396,0.2292,images\FARMER_0476_2024-10-07.npy,5,True,2.004,1.57
FARMER_0477,30.077853,77.321064,2024-10-15,8.7,synthetic,0.0923,0.2409,images\FARMER_0477_2024-10-15.npy,5,True,0.619,7.95
FARMER_0478,29.971403,75.452197,2024-11-14,12.9,synthetic,0.3448,0.2128,images\FARMER_0478_2024-11-14.npy,5,True,3.332,3.54
FARMER_0479,31.059263,76.313014,2024-10-18,5.2,synthetic,0.4241,0.2,images\FARMER_0479_2024-10-18.npy,5,True,3.566,4.26
FARMER_0480,30.975744,75.567942,2024-11-27,12.5,synthetic,-0.085,0.2403,images\FARMER_0480_2024-11-27.npy,5,True,0.1,6.64
FARMER_0481,29.823756,75.27749,2024-10-26,13.7,synthetic,0.2957,0.2199,images\FARMER_0481_2024-10-26.npy,5,True,2.306,3.64
FARMER_0482,30.78317,75.473135,2024-11-11,4.7,synthetic,0.3375,0.2139,images\FARMER_0482_2024-11-11.npy,5,True,2.775,2.28
FARMER_0483,32.403663,76.9737,2024-11-19,1.8,synthetic,0.2762,0.2244,images\FARMER_0483_2024-11-19.npy,5,True,2.394,4.91
FARMER_0484,31.08573,76.118577,2024-10-05,2.2,synthetic,0.2729,0.2223,images\FARMER_0484_2024-10-05.npy,5,True,1.884,1.01
FARMER_0485,31.616727,76.646592,2024-11-03,2.7,synthetic,0.116,0.2376,images\FARMER_0485_2024-11-03.npy,5,True,1.257,5.16
FARMER_0486,32.413449,74.784649,2024-11-21,6.5,synthetic,-0.0726,0.2404,images\FARMER_0486_2024-11-21.npy,5,True,0.1,4.06
FARMER_0487,30.332858,75.251013,2024-10-16,0.3,synthetic,0.3435,0.2129,images\FARMER_0487_2024-10-16.npy,5,True,3.164,6.25
FARMER_0488,30.310159,75.778797,2024-11-18,12.9,synthetic,-0.0653,0.2397,images\FARMER_0488_2024-11-18.npy,5,True,0.1,6.34
FARMER_0489,32.249249,77.061643,2024-11-08,6.8,synthetic,0.1737,0.2326,images\FARMER_0489_2024-11-08.npy,5,True,1.915,6.64
FARMER_0490,30.981076,73.951101,2024-10-24,8.7,synthetic,-0.0168,0.2428,images\FARMER_0490_2024-10-24.npy,5,True,0.1,4.6
FARMER_0491,30.681462,75.006055,2024-11-04,14.2,synthetic,0.2967,0.2216,images\FARMER_0491_2024-11-04.npy,5,True,2.243,4.53
FARMER_0492,30.394115,76.159748,2024-10-10,15.0,synthetic,0.3433,0.215,images\FARMER_0492_2024-10-10.npy,5,True,2.393,4.29
FARMER_0493,32.412706,75.092662,2024-10-04,4.0,synthetic,0.1763,0.2349,images\FARMER_0493_2024-10-04.npy,5,True,1.167,6.06
FARMER_0494,30.269359,74.73184,2024-10-19,9.0,synthetic,-0.0295,0.2407,images\FARMER_0494_2024-10-19.npy,5,True,0.1,1.51
FARMER_0495,30.115492,74.640518,2024-11-25,7.8,synthetic,0.0098,0.2418,images\FARMER_0495_2024-11-25.npy,5,True,0.247,4.91
FARMER_0496,30.635071,77.39047,2024-11-22,6.2,synthetic,0.2476,0.2274,images\FARMER_0496_2024-11-22.npy,5,True,1.574,1.81
FARMER_0497,31.422738,74.485268,2024-10-06,5.3,synthetic,0.2584,0.2255,images\FARMER_0497_2024-10-06.npy,5,True,2.38,6.41
FARMER_0498,31.427369,73.836602,2024-11-22,10.0,synthetic,-0.1025,0.2394,images\FARMER_0498_2024-11-22.npy,5,True,0.1,4.12
FARMER_0499,31.98113,74.120401,2024-10-17,6.0,synthetic,0.3222,0.2184,images\FARMER_0499_2024-10-17.npy,5,True,3.004,1.43
FARMER_0500,31.965812,75.129447,2024-10-23,10.9,synthetic,0.2106,0.2295,images\FARMER_0500_2024-10-23.npy,5,True,1.752,4.14
FARMER_0501,31.440301,75.794456,2024-11-25,9.5,synthetic,0.1259,0.2362,images\FARMER_0501_2024-11-25.npy,5,True,0.991,5.65
FARMER_0502,31.81686,73.953308,2024-10-09,10.4,synthetic,0.3932,0.2043,images\FARMER_0502_2024-10-09.npy,5,True,2.733,6.87
FARMER_0503,29.91658,76.857898,2024-11-11,0.3,synthetic,-0.1061,0.2384,images\FARMER_0503_2024-11-11.npy,5,True,0.1,7.59
FARMER_0504,29.963296,76.558881,2024-11-02,2.6,synthetic,0.0843,0.2393,images\FARMER_0504_2024-11-02.npy,5,True,0.728,5.57
FARMER_0505,30.088736,75.742706,2024-11-10,7.8,synthetic,0.1939,0.2321,images\FARMER_0505_2024-11-10.npy,5,True,1.761,2.18
FARMER_0506,32.16627,77.089168,2024-10-10,5.6,synthetic,0.3182,0.2162,images\FARMER_0506_2024-10-10.npy,5,True,3.429,6.94
FARMER_0507,29.801642,74.234442,2024-10-23,10.3,synthetic,0.4051,0.2021,images\FARMER_0507_2024-10-23.npy,5,True,3.262,6.17
FARMER_0508,31.712853,75.3509,2024-10-26,8.0,synthetic,0.0546,0.2397,images\FARMER_0508_2024-10-26.npy,5,True,0.1,2.1
FARMER_0509,31.302398,75.834446,2024-11-06,5.2,synthetic,0.039,0.24,images\FARMER_0509_2024-11-06.npy,5,True,0.289,1.47
FARMER_0510,31.529515,75.90316,2024-11-27,11.8,synthetic,0.1836,0.233,images\FARMER_0510_2024-11-27.npy,5,True,2.018,2.04
FARMER_0511,30.834224,76.016207,2024-10-19,12.5,synthetic,0.2592,0.2272,images\FARMER_0511_2024-10-19.npy,5,True,2.414,1.42
FARMER_0512,31.704834,76.124132,2024-11-03,12.1,synthetic,0.3163,0.2178,images\FARMER_0512_2024-11-03.npy,5,True,2.851,4.81
FARMER_0513,32.181857,74.175579,2024-11-14,2.0,synthetic,-0.0758,0.2412,images\FARMER_0513_2024-11-14.npy,5,True,0.1,7.16
FARMER_0514,29.734903,74.43263,2024-11-18,9.3,synthetic,0.3728,0.208,images\FARMER_0514_2024-11-18.npy,5,True,3.791,5.65
FARMER_0515,31.503065,74.840933,2024-10-20,13.0,synthetic,0.3621,0.211,images\FARMER_0515_2024-10-20.npy,5,True,3.145,4.63
FARMER_0516,31.664055,75.444966,2024-10-07,11.9,synthetic,0.0528,0.2395,images\FARMER_0516_2024-10-07.npy,5,True,0.312,6.43
FARMER_0517,32.420127,74.317951,2024-11-18,12.9,synthetic,0.1494,0.2366,images\FARMER_0517_2024-11-18.npy,5,True,1.51,2.63
FARMER_0518,30.332485,76.808268,2024-11-26,12.9,synthetic,0.0674,0.2388,images\FARMER_0518_2024-11-26.npy,5,True,0.65,6.59
FARMER_0519,31.876622,75.978661,2024-10-27,0.9,synthetic,0.4213,0.1987,images\FARMER_0519_2024-10-27.npy,5,True,3.839,3.67
FARMER_0520,32.232447,76.833223,2024-10-26,10.5,synthetic,0.1845,0.2339,images\FARMER_0520_2024-10-26.npy,5,True,1.835,2.78
FARMER_0521,29.689593,74.007736,2024-10-02,2.1,synthetic,0.1108,0.2385,images\FARMER_0521_2024-10-02.npy,5,True,1.13,2.91
FARMER_0522,30.433102,74.658319,2024-11-22,4.1,synthetic,0.1488,0.2367,images\FARMER_0522_2024-11-22.npy,5,True,1.717,3.81
FARMER_0523,30.995478,73.978942,2024-10-03,5.5,synthetic,0.4009,0.2027,images\FARMER_0523_2024-10-03.npy,5,True,2.711,7.27
FARMER_0524,31.495614,76.517833,2024-11-26,4.9,synthetic,0.0253,0.2401,images\FARMER_0524_2024-11-26.npy,5,True,0.1,1.75
FARMER_0525,30.383849,76.928118,2024-11-24,13.5,synthetic,0.0164,0.2413,images\FARMER_0525_2024-11-24.npy,5,True,0.1,4.58
FARMER_0526,29.614717,74.342538,2024-10-13,9.7,synthetic,-0.0704,0.239,images\FARMER_0526_2024-10-13.npy,5,True,0.1,1.84
FARMER_0527,30.918164,74.711913,2024-10-27,5.4,synthetic,0.1596,0.2327,images\FARMER_0527_2024-10-27.npy,5,True,1.397,1.11
FARMER_0528,31.609085,75.052897,2024-11-24,0.4,synthetic,0.1438,0.2367,images\FARMER_0528_2024-11-24.npy,5,True,0.874,2.97
FARMER_0529,31.063061,73.930294,2024-11-03,5.4,synthetic,0.4069,0.2025,images\FARMER_0529_2024-11-03.npy,5,True,2.697,5.17
FARMER_0530,32.300231,77.425374,2024-11-10,2.5,synthetic,0.0327,0.2396,images\FARMER_0530_2024-11-10.npy,5,True,0.1,2.12
FARMER_0531,29.987157,74.579403,2024-11-05,7.5,synthetic,0.0362,0.2434,images\FARMER_0531_2024-11-05.npy,5,True,0.123,2.0
FARMER_0532,32.177771,75.10628,2024-10-14,0.5,synthetic,0.1254,0.2353,images\FARMER_0532_2024-10-14.npy,5,True,0.615,4.0
FARMER_0533,29.92072,75.633178,2024-11-26,1.5,synthetic,0.2246,0.2307,images\FARMER_0533_2024-11-26.npy,5,True,2.492,6.75
FARMER_0534,29.514735,76.677614,2024-11-19,8.6,synthetic,0.1297,0.237,images\FARMER_0534_2024-11-19.npy,5,True,0.965,6.85
FARMER_0535,31.430698,74.417995,2024-11-15,9.2,synthetic,0.2997,0.2205,images\FARMER_0535_2024-11-15.npy,5,True,2.204,4.51
FARMER_0536,31.154961,76.684165,2024-10-22,4.9,synthetic,0.2457,0.2269,images\FARMER_0536_2024-10-22.npy,5,True,2.165,4.39
FARMER_0537,31.978223,75.104361,2024-10-10,5.4,synthetic,-0.0514,0.2405,images\FARMER_0537_2024-10-10.npy,5,True,0.1,6.33
FARMER_0538,31.691476,77.251424,2024-11-26,5.3,synthetic,0.2495,0.2271,images\FARMER_0538_2024-11-26.npy,5,True,1.842,3.49
FARMER_0539,30.102074,75.427032,2024-11-05,11.6,synthetic,0.1941,0.234,images\FARMER_0539_2024-11-05.npy,5,True,1.104,1.26
FARMER_0540,32.235624,76.258328,2024-11-22,5.7,synthetic,0.0239,0.2427,images\FARMER_0540_2024-11-22.npy,5,True,0.129,5.02
FARMER_0541,30.70015,77.219543,2024-10-24,2.4,synthetic,0.3983,0.2046,images\FARMER_0541_2024-10-24.npy,5,True,3.099,5.52
FARMER_0542,31.232051,75.59367,2024-11-03,14.5,synthetic,0.2234,0.2282,images\FARMER_0542_2024-11-03.npy,5,True,1.652,1.06
FARMER_0543,31.040521,75.867112,2024-10-17,9.0,synthetic,0.3619,0.2109,images\FARMER_0543_2024-10-17.npy,5,True,2.991,5.01
FARMER_0544,32.185686,74.659433,2024-11-25,12.9,synthetic,0.1384,0.2362,images\FARMER_0544_2024-11-25.npy,5,True,0.881,2.18
FARMER_0545,30.683134,77.48784,2024-10-26,7.4,synthetic,0.0879,0.2375,images\FARMER_0545_2024-10-26.npy,5,True,0.285,4.68
FARMER_0546,30.513912,76.318227,2024-10-18,7.7,synthetic,0.3727,0.2085,images\FARMER_0546_2024-10-18.npy,5,True,3.379,3.85
FARMER_0547,29.573463,76.362178,2024-10-01,14.3,synthetic,0.0619,0.2405,images\FARMER_0547_2024-10-01.npy,5,True,0.1,4.41
FARMER_0548,30.133348,76.28996,2024-10-04,1.6,synthetic,0.3643,0.2108,images\FARMER_0548_2024-10-04.npy,5,True,3.126,7.51
FARMER_0549,30.164948,75.495374,2024-10-23,1.2,synthetic,0.2481,0.2274,images\FARMER_0549_2024-10-23.npy,5,True,1.726,5.18
FARMER_0550,29.818841,75.136,2024-11-20,12.2,synthetic,0.2227,0.2299,images\FARMER_0550_2024-11-20.npy,5,True,1.99,6.33
FARMER_0551,30.268496,76.854336,2024-11-20,4.2,synthetic,0.2807,0.2219,images\FARMER_0551_2024-11-20.npy,5,True,2.923,1.95
FARMER_0552,32.288287,76.441243,2024-11-01,11.9,synthetic,0.0885,0.2404,images\FARMER_0552_2024-11-01.npy,5,True,0.676,6.89
FARMER_0553,30.606541,77.470279,2024-11-26,7.2,synthetic,0.4114,0.2024,images\FARMER_0553_2024-11-26.npy,5,True,3.514,2.33
FARMER_0554,30.808969,75.731808,2024-10-01,4.6,synthetic,0.3741,0.2083,images\FARMER_0554_2024-10-01.npy,5,True,2.507,1.35
FARMER_0555,30.31041,74.111265,2024-10-13,13.8,synthetic,0.2017,0.2308,images\FARMER_0555_2024-10-13.npy,5,True,1.794,5.35
FARMER_0556,31.85036,77.373838,2024-11-26,10.3,synthetic,0.3709,0.2094,images\FARMER_0556_2024-11-26.npy,5,True,3.079,4.03
FARMER_0557,31.174172,74.391136,2024-11-01,12.2,synthetic,0.0033,0.2409,images\FARMER_0557_2024-11-01.npy,5,True,0.153,7.48
FARMER_0558,31.757184,77.132712,2024-11-13,8.7,synthetic,-0.0277,0.2418,images\FARMER_0558_2024-11-13.npy,5,True,0.1,3.78
FARMER_0559,30.012353,77.498134,2024-11-24,3.9,synthetic,0.4129,0.2018,images\FARMER_0559_2024-11-24.npy,5,True,3.289,1.86
FARMER_0560,30.710313,76.079222,2024-10-06,6.6,synthetic,0.0612,0.2411,images\FARMER_0560_2024-10-06.npy,5,True,1.059,3.77
FARMER_0561,32.411824,74.625499,2024-10-12,8.5,synthetic,-0.0891,0.24,images\FARMER_0561_2024-10-12.npy,5,True,0.1,3.18
FARMER_0562,31.726106,73.885837,2024-10-11,3.0,synthetic,0.026,0.2411,images\FARMER_0562_2024-10-11.npy,5,True,0.485,6.09
FARMER_0563,30.959271,75.06301,2024-11-04,13.5,synthetic,-0.0044,0.2436,images\FARMER_0563_2024-11-04.npy,5,True,0.1,2.85
FARMER_0564,31.005031,75.853866,2024-10-20,9.2,synthetic,0.3771,0.208,images\FARMER_0564_2024-10-20.npy,5,True,2.597,2.91
FARMER_0565,30.201325,76.728947,2024-10-06,1.2,synthetic,0.3011,0.2208,images\FARMER_0565_2024-10-06.npy,5,True,3.581,3.85
FARMER_0566,32.312027,75.719328,2024-11-25,8.3,synthetic,0.3568,0.211,images\FARMER_0566_2024-11-25.npy,5,True,3.014,4.29
FARMER_0567,29.714988,76.298414,2024-11-07,11.3,synthetic,0.2312,0.2294,images\FARMER_0567_2024-11-07.npy,5,True,1.944,7.99
FARMER_0568,30.425525,75.513394,2024-10-01,13.8,synthetic,0.1495,0.2363,images\FARMER_0568_2024-10-01.npy,5,True,1.503,2.02
FARMER_0569,31.866709,76.678657,2024-10-17,5.1,synthetic,0.2928,0.2198,images\FARMER_0569_2024-10-17.npy,5,True,1.833,2.99
FARMER_0570,31.352477,76.217361,2024-10-08,1.2,synthetic,0.1882,0.2326,images\FARMER_0570_2024-10-08.npy,5,True,1.868,3.01
FARMER_0571,32.116945,76.104786,2024-11-20,14.0,synthetic,0.2971,0.2197,images\FARMER_0571_2024-11-20.npy,5,True,2.613,6.22
FARMER_0572,32.45583,75.346244,2024-10-10,13.5,synthetic,0.1164,0.2391,images\FARMER_0572_2024-10-10.npy,5,True,0.899,5.8
FARMER_0573,31.308808,75.68624,2024-10-06,11.4,synthetic,0.238,0.2281,images\FARMER_0573_2024-10-06.npy,5,True,2.061,7.29
FARMER_0574,29.807092,74.78614,2024-11-11,11.6,synthetic,0.2618,0.2257,images\FARMER_0574_2024-11-11.npy,5,True,2.542,7.84
FARMER_0575,29.959663,76.528696,2024-11-07,14.2,synthetic,0.3639,0.2092,images\FARMER_0575_2024-11-07.npy,5,True,3.796,4.28
FARMER_0576,30.403934,76.063673,2024-11-20,8.8,synthetic,0.3353,0.214,images\FARMER_0576_2024-11-20.npy,5,True,3.764,7.74
FARMER_0577,30.444901,76.360066,2024-10-05,5.0,synthetic,0.2496,0.2263,images\FARMER_0577_2024-10-05.npy,5,True,2.814,6.06
FARMER_0578,32.282449,75.754908,2024-11-03,6.6,synthetic,0.1648,0.236,images\FARMER_0578_2024-11-03.npy,5,True,1.256,2.12
FARMER_0579,31.883077,76.132791,2024-11-19,5.0,synthetic,0.076,0.239,images\FARMER_0579_2024-11-19.npy,5,True,1.048,6.01
FARMER_0580,31.857128,73.810893,2024-11-23,4.4,synthetic,0.0954,0.2369,images\FARMER_0580_2024-11-23.npy,5,True,0.823,5.57
FARMER_0581,29.956424,77.152726,2024-10-14,5.6,synthetic,0.0759,0.2396,images\FARMER_0581_2024-10-14.npy,5,True,0.461,2.41
FARMER_0582,32.193132,74.097049,2024-10-14,14.1,synthetic,-0.0465,0.2393,images\FARMER_0582_2024-10-14.npy,5,True,0.1,7.34
FARMER_0583,30.280152,77.383671,2024-11-26,14.8,synthetic,0.3619,0.2099,images\FARMER_0583_2024-11-26.npy,5,True,2.618,6.72
FARMER_0584,29.706488,76.432371,2024-10-01,9.3,synthetic,0.1277,0.2376,images\FARMER_0584_2024-10-01.npy,5,True,0.803,6.34
FARMER_0585,31.175107,75.551749,2024-10-12,6.3,synthetic,0.0051,0.2406,images\FARMER_0585_2024-10-12.npy,5,True,0.1,2.91
FARMER_0586,30.002227,76.463738,2024-10-21,4.2,synthetic,-0.0706,0.241,images\FARMER_0586_2024-10-21.npy,5,True,0.1,5.42
FARMER_0587,29.813809,75.386864,2024-10-25,3.7,synthetic,0.0543,0.2413,images\FARMER_0587_2024-10-25.npy,5,True,0.974,4.97
FARMER_0588,31.401018,75.576605,2024-10-15,9.2,synthetic,0.29,0.2191,images\FARMER_0588_2024-10-15.npy,5,True,1.852,4.66
FARMER_0589,30.760992,75.293784,2024-11-14,10.6,synthetic,0.2182,0.2283,images\FARMER_0589_2024-11-14.npy,5,True,1.763,6.74
FARMER_0590,31.552474,75.897896,2024-11-20,5.3,synthetic,0.1737,0.2343,images\FARMER_0590_2024-11-20.npy,5,True,1.574,6.18
FARMER_0591,30.644071,75.790995,2024-11-18,5.4,synthetic,0.3445,0.2122,images\FARMER_0591_2024-11-18.npy,5,True,2.116,3.8
FARMER_0592,30.509555,74.301149,2024-11-24,6.6,synthetic,0.209,0.2319,images\FARMER_0592_2024-11-24.npy,5,True,2.165,5.96
FARMER_0593,29.562198,74.57244,2024-11-20,9.7,synthetic,0.3278,0.2158,images\FARMER_0593_2024-11-20.npy,5,True,3.417,6.56
FARMER_0594,31.467364,75.619821,2024-11-01,8.8,synthetic,0.0833,0.24,images\FARMER_0594_2024-11-01.npy,5,True,0.56,1.18
FARMER_0595,29.750211,75.789175,2024-10-13,13.5,synthetic,0.3357,0.2155,images\FARMER_0595_2024-10-13.npy,5,True,2.858,3.16
FARMER_0596,30.820023,77.438565,2024-10-02,6.9,synthetic,0.0435,0.2413,images\FARMER_0596_2024-10-02.npy,5,True,0.281,4.59
FARMER_0597,30.009945,74.665121,2024-10-01,7.6,synthetic,0.393,0.2043,images\FARMER_0597_2024-10-01.npy,5,True,2.903,5.26
FARMER_0598,31.72765,74.40734,2024-10-21,3.0,synthetic,-0.0522,0.2398,images\FARMER_0598_2024-10-21.npy,5,True,0.1,2.9
FARMER_0599,32.328341,75.596481,2024-11-10,5.1,synthetic,0.4098,0.2011,images\FARMER_0599_2024-11-10.npy,5,True,3.264,1.87
FARMER_0600,30.293888,76.305726,2024-11-27,13.7,synthetic,0.2966,0.2216,images\FARMER_0600_2024-11-27.npy,5,True,2.942,7.01
