date,biomass_tons_per_ha
2019-01-01,1.463
2019-01-02,1.209
2019-01-03,1.317
2019-01-04,1.206
2019-01-05,1.676
2019-01-06,1.385
2019-01-07,1.335
2019-01-08,1.306
2019-01-09,1.375
2019-01-10,1.336
2019-01-11,1.391
2019-01-12,1.211
2019-01-13,1.232
2019-01-14,1.266
2019-01-15,1.27
2019-01-16,1.266
2019-01-17,1.504
2019-01-18,1.383
2019-01-19,1.492
2019-01-20,1.354
2019-01-21,1.44
2019-01-22,1.339
2019-01-23,1.39
2019-01-24,1.316
2019-01-25,1.203
2019-01-26,1.249
2019-01-27,1.243
2019-01-28,1.513
2019-01-29,1.263
2019-01-30,1.684
2019-01-31,1.436
2019-02-01,1.416
2019-02-02,1.209
2019-02-03,1.249
2019-02-04,1.337
2019-02-05,1.267
2019-02-06,1.278
2019-02-07,1.236
2019-02-08,1.261
2019-02-09,1.315
2019-02-10,2.108
2019-02-11,1.276
2019-02-12,1.201
2019-02-13,1.243
2019-02-14,1.671
2019-02-15,1.235
2019-02-16,1.202
2019-02-17,1.377
2019-02-18,1.216
2019-02-19,1.278
2019-02-20,1.335
2019-02-21,1.618
2019-02-22,1.24
2019-02-23,1.361
2019-02-24,1.218
2019-02-25,1.295
2019-02-26,1.524
2019-02-27,1.264
2019-02-28,1.349
2019-03-01,1.331
2019-03-02,1.221
2019-03-03,1.362
2019-03-04,1.214
2019-03-05,1.245
2019-03-06,1.237
2019-03-07,1.239
2019-03-08,1.22
2019-03-09,1.661
2019-03-10,1.299
2019-03-11,1.292
2019-03-12,1.376
2019-03-13,1.431
2019-03-14,1.256
2019-03-15,1.245
2019-03-16,1.623
2019-03-17,1.883
2019-03-18,1.32
2019-03-19,1.389
2019-03-20,1.209
2019-03-21,1.275
2019-03-22,1.349
2019-03-23,1.265
2019-03-24,1.229
2019-03-25,1.246
2019-03-26,1.22
2019-03-27,1.205
2019-03-28,1.501
2019-03-29,1.382
2019-03-30,1.229
2019-03-31,1.386
2019-04-01,1.366
2019-04-02,1.27
2019-04-03,1.302
2019-04-04,1.406
2019-04-05,1.224
2019-04-06,1.43
2019-04-07,1.234
2019-04-08,1.249
2019-04-09,1.459
2019-04-10,1.249
2019-04-11,1.505
2019-04-12,1.413
2019-04-13,1.402
2019-04-14,1.493
2019-04-15,1.438
2019-04-16,1.456
2019-04-17,1.452
2019-04-18,1.471
2019-04-19,1.499
2019-04-20,1.633
2019-04-21,1.49
2019-04-22,1.764
2019-04-23,1.954
2019-04-24,1.614
2019-04-25,1.755
2019-04-26,1.76
2019-04-27,1.771
2019-04-28,1.83
2019-04-29,1.955
2019-04-30,1.95
2019-05-01,2.062
2019-05-02,2.193
2019-05-03,2.14
2019-05-04,2.565
2019-05-05,2.12
2019-05-06,2.302
2019-05-07,2.188
2019-05-08,2.358
2019-05-09,2.21
2019-05-10,2.444
2019-05-11,2.556
2019-05-12,2.213
2019-05-13,2.224
2019-05-14,2.167
2019-05-15,2.136
2019-05-16,2.185
2019-05-17,2.256
2019-05-18,2.138
2019-05-19,1.971
2019-05-20,1.916
2019-05-21,2.043
2019-05-22,1.857
2019-05-23,1.76
2019-05-24,1.801
2019-05-25,2.109
2019-05-26,1.747
2019-05-27,1.635
2019-05-28,1.545
2019-05-29,1.749
2019-05-30,1.537
2019-05-31,1.794
2019-06-01,1.444
2019-06-02,1.888
2019-06-03,1.37
2019-06-04,1.314
2019-06-05,1.423
2019-06-06,1.348
2019-06-07,1.432
2019-06-08,1.291
2019-06-09,1.287
2019-06-10,1.469
2019-06-11,1.401
2019-06-12,1.406
2019-06-13,1.219
2019-06-14,1.308
2019-06-15,1.4
2019-06-16,1.424
2019-06-17,1.284
2019-06-18,1.678
2019-06-19,1.246
2019-06-20,1.32
2019-06-21,1.277
2019-06-22,1.211
2019-06-23,1.205
2019-06-24,1.207
2019-06-25,1.211
2019-06-26,1.219
2019-06-27,1.434
2019-06-28,1.238
2019-06-29,1.352
2019-06-30,1.278
2019-07-01,1.254
2019-07-02,1.242
2019-07-03,1.298
2019-07-04,1.292
2019-07-05,1.402
2019-07-06,1.221
2019-07-07,1.284
2019-07-08,1.484
2019-07-09,1.324
2019-07-10,1.248
2019-07-11,1.322
2019-07-12,1.201
2019-07-13,1.296
2019-07-14,1.288
2019-07-15,1.206
2019-07-16,1.278
2019-07-17,1.405
2019-07-18,1.265
2019-07-19,1.271
2019-07-20,1.266
2019-07-21,1.377
2019-07-22,1.242
2019-07-23,1.227
2019-07-24,1.309
2019-07-25,1.229
2019-07-26,1.202
2019-07-27,1.329
2019-07-28,1.217
2019-07-29,1.319
2019-07-30,1.286
2019-07-31,1.37
2019-08-01,1.238
2019-08-02,1.348
2019-08-03,1.501
2019-08-04,1.258
2019-08-05,1.206
2019-08-06,1.262
2019-08-07,1.38
2019-08-08,1.206
2019-08-09,1.212
2019-08-10,1.212
2019-08-11,1.202
2019-08-12,1.218
2019-08-13,1.3
2019-08-14,1.222
2019-08-15,1.517
2019-08-16,1.253
2019-08-17,1.217
2019-08-18,1.242
2019-08-19,1.314
2019-08-20,1.257
2019-08-21,2.337
2019-08-22,1.528
2019-08-23,1.386
2019-08-24,1.507
2019-08-25,1.213
2019-08-26,1.215
2019-08-27,1.478
2019-08-28,1.476
2019-08-29,1.51
2019-08-30,1.323
2019-08-31,1.264
2019-09-01,1.435
2019-09-02,1.242
2019-09-03,1.524
2019-09-04,1.619
2019-09-05,1.426
2019-09-06,1.515
2019-09-07,1.334
2019-09-08,1.511
2019-09-09,1.825
2019-09-10,1.326
2019-09-11,1.454
2019-09-12,1.301
2019-09-13,1.555
2019-09-14,1.436
2019-09-15,1.347
2019-09-16,1.375
2019-09-17,1.38
2019-09-18,1.541
2019-09-19,1.518
2019-09-20,1.66
2019-09-21,1.646
2019-09-22,1.568
2019-09-23,1.587
2019-09-24,1.764
2019-09-25,1.67
2019-09-26,1.72
2019-09-27,1.896
2019-09-28,2.016
2019-09-29,2.041
2019-09-30,1.994
2019-10-01,2.245
2019-10-02,2.426
2019-10-03,2.283
2019-10-04,2.61
2019-10-05,2.448
2019-10-06,2.613
2019-10-07,2.711
2019-10-08,2.788
2019-10-09,3.084
2019-10-10,3.07
2019-10-11,3.153
2019-10-12,3.518
2019-10-13,3.852
2019-10-14,3.533
2019-10-15,3.976
2019-10-16,4.031
2019-10-17,3.962
2019-10-18,4.098
2019-10-19,4.516
2019-10-20,4.265
2019-10-21,4.468
2019-10-22,4.789
2019-10-23,4.73
2019-10-24,4.674
2019-10-25,4.76
2019-10-26,4.803
2019-10-27,5.058
2019-10-28,5.21
2019-10-29,5.034
2019-10-30,5.049
2019-10-31,5.031
2019-11-01,5.048
2019-11-02,5.01
2019-11-03,5.446
2019-11-04,5.14
2019-11-05,5.121
2019-11-06,4.901
2019-11-07,4.889
2019-11-08,4.723
2019-11-09,4.681
2019-11-10,4.744
2019-11-11,4.522
2019-11-12,4.413
2019-11-13,4.262
2019-11-14,4.137
2019-11-15,4.264
2019-11-16,3.886
2019-11-17,3.834
2019-11-18,3.722
2019-11-19,3.723
2019-11-20,3.405
2019-11-21,3.258
2019-11-22,3.129
2019-11-23,3.093
2019-11-24,3.185
2019-11-25,2.949
2019-11-26,2.892
2019-11-27,2.831
2019-11-28,3.05
2019-11-29,2.528
2019-11-30,2.463
2019-12-01,2.183
2019-12-02,2.291
2019-12-03,2.161
2019-12-04,1.989
2019-12-05,2.309
2019-12-06,1.942
2019-12-07,1.731
2019-12-08,1.755
2019-12-09,1.623
2019-12-10,1.592
2019-12-11,1.663
2019-12-12,1.661
2019-12-13,1.628
2019-12-14,1.646
2019-12-15,1.399
2019-12-16,1.399
2019-12-17,1.377
2019-12-18,1.664
2019-12-19,1.4
2019-12-20,1.504
2019-12-21,1.402
2019-12-22,1.354
2019-12-23,1.367
2019-12-24,1.352
2019-12-25,1.56
2019-12-26,1.251
2019-12-27,1.237
2019-12-28,1.234
2019-12-29,1.317
2019-12-30,1.476
2019-12-31,1.387
2020-01-01,1.248
2020-01-02,1.326
2020-01-03,1.281
2020-01-04,1.41
2020-01-05,1.224
2020-01-06,1.202
2020-01-07,1.298
2020-01-08,1.244
2020-01-09,1.685
2020-01-10,1.287
2020-01-11,1.206
2020-01-12,1.218
2020-01-13,1.314
2020-01-14,1.417
2020-01-15,1.234
2020-01-16,1.277
2020-01-17,1.218
2020-01-18,1.22
2020-01-19,1.378
2020-01-20,1.555
2020-01-21,1.379
2020-01-22,1.227
2020-01-23,1.379
2020-01-24,1.358
2020-01-25,1.216
2020-01-26,1.369
2020-01-27,1.459
2020-01-28,1.516
2020-01-29,1.27
2020-01-30,1.282
2020-01-31,1.442
2020-02-01,1.203
2020-02-02,1.296
2020-02-03,1.377
2020-02-04,1.455
2020-02-05,1.201
2020-02-06,1.219
2020-02-07,1.483
2020-02-08,1.367
2020-02-09,1.224
2020-02-10,1.213
2020-02-11,1.308
2020-02-12,1.326
2020-02-13,1.365
2020-02-14,1.313
2020-02-15,1.336
2020-02-16,1.469
2020-02-17,1.644
2020-02-18,1.231
2020-02-19,1.251
2020-02-20,1.357
2020-02-21,1.669
2020-02-22,1.307
2020-02-23,1.39
2020-02-24,1.322
2020-02-25,1.68
2020-02-26,1.24
2020-02-27,1.275
2020-02-28,1.307
2020-02-29,1.352
2020-03-01,1.222
2020-03-02,1.715
2020-03-03,1.25
2020-03-04,1.241
2020-03-05,1.35
2020-03-06,1.588
2020-03-07,1.206
2020-03-08,1.388
2020-03-09,1.225
2020-03-10,1.268
2020-03-11,1.344
2020-03-12,1.212
2020-03-13,1.341
2020-03-14,1.283
2020-03-15,1.232
2020-03-16,1.287
2020-03-17,1.204
2020-03-18,1.262
2020-03-19,1.392
2020-03-20,1.293
2020-03-21,1.357
2020-03-22,1.611
2020-03-23,1.205
2020-03-24,1.701
2020-03-25,1.342
2020-03-26,1.297
2020-03-27,1.231
2020-03-28,1.264
2020-03-29,1.359
2020-03-30,1.335
2020-03-31,1.548
2020-04-01,1.215
2020-04-02,1.396
2020-04-03,1.211
2020-04-04,1.662
2020-04-05,1.259
2020-04-06,1.525
2020-04-07,1.245
2020-04-08,1.619
2020-04-09,1.303
2020-04-10,1.51
2020-04-11,1.295
2020-04-12,1.988
2020-04-13,1.345
2020-04-14,1.374
2020-04-15,1.355
2020-04-16,1.467
2020-04-17,1.546
2020-04-18,1.42
2020-04-19,1.465
2020-04-20,1.736
2020-04-21,1.635
2020-04-22,1.628
2020-04-23,1.616
2020-04-24,1.759
2020-04-25,1.785
2020-04-26,2.025
2020-04-27,1.846
2020-04-28,1.95
2020-04-29,2.266
2020-04-30,1.957
2020-05-01,2.048
2020-05-02,2.307
2020-05-03,2.245
2020-05-04,2.238
2020-05-05,2.245
2020-05-06,2.329
2020-05-07,2.325
2020-05-08,2.41
2020-05-09,2.25
2020-05-10,2.223
2020-05-11,2.408
2020-05-12,2.36
2020-05-13,2.224
2020-05-14,2.356
2020-05-15,2.194
2020-05-16,2.324
2020-05-17,2.065
2020-05-18,2.108
2020-05-19,1.961
2020-05-20,1.884
2020-05-21,1.94
2020-05-22,1.786
2020-05-23,1.741
2020-05-24,1.755
2020-05-25,1.688
2020-05-26,1.7
2020-05-27,1.586
2020-05-28,2.131
2020-05-29,1.568
2020-05-30,1.436
2020-05-31,1.562
2020-06-01,1.445
2020-06-02,1.476
2020-06-03,1.32
2020-06-04,1.397
2020-06-05,1.344
2020-06-06,1.356
2020-06-07,1.314
2020-06-08,1.375
2020-06-09,1.265
2020-06-10,1.373
2020-06-11,1.551
2020-06-12,1.246
2020-06-13,1.251
2020-06-14,1.485
2020-06-15,1.373
2020-06-16,1.296
2020-06-17,1.251
2020-06-18,1.522
2020-06-19,1.442
2020-06-20,1.203
2020-06-21,1.219
2020-06-22,1.22
2020-06-23,1.505
2020-06-24,1.287
2020-06-25,1.279
2020-06-26,1.262
2020-06-27,1.252
2020-06-28,1.495
2020-06-29,1.323
2020-06-30,1.432
2020-07-01,1.307
2020-07-02,1.253
2020-07-03,1.254
2020-07-04,1.587
2020-07-05,1.357
2020-07-06,1.204
2020-07-07,1.301
2020-07-08,1.22
2020-07-09,1.498
2020-07-10,1.248
2020-07-11,1.507
2020-07-12,1.243
2020-07-13,1.202
2020-07-14,1.221
2020-07-15,1.259
2020-07-16,1.247
2020-07-17,1.203
2020-07-18,1.298
2020-07-19,1.209
2020-07-20,1.383
2020-07-21,1.303
2020-07-22,1.265
2020-07-23,1.332
2020-07-24,1.319
2020-07-25,1.485
2020-07-26,1.242
2020-07-27,1.206
2020-07-28,1.996
2020-07-29,1.324
2020-07-30,1.211
2020-07-31,1.467
2020-08-01,1.57
2020-08-02,1.856
2020-08-03,1.504
2020-08-04,1.231
2020-08-05,1.281
2020-08-06,1.273
2020-08-07,1.337
2020-08-08,1.242
2020-08-09,1.439
2020-08-10,1.32
2020-08-11,1.258
2020-08-12,1.476
2020-08-13,1.22
2020-08-14,1.43
2020-08-15,1.829
2020-08-16,1.324
2020-08-17,1.314
2020-08-18,1.274
2020-08-19,1.299
2020-08-20,1.436
2020-08-21,1.207
2020-08-22,1.416
2020-08-23,1.251
2020-08-24,1.211
2020-08-25,1.278
2020-08-26,1.264
2020-08-27,1.779
2020-08-28,1.41
2020-08-29,1.21
2020-08-30,1.796
2020-08-31,1.213
2020-09-01,1.329
2020-09-02,1.39
2020-09-03,1.557
2020-09-04,1.424
2020-09-05,1.231
2020-09-06,1.262
2020-09-07,1.248
2020-09-08,1.301
2020-09-09,1.282
2020-09-10,1.479
2020-09-11,1.412
2020-09-12,1.343
2020-09-13,1.32
2020-09-14,1.569
2020-09-15,1.424
2020-09-16,1.37
2020-09-17,1.663
2020-09-18,1.486
2020-09-19,1.454
2020-09-20,1.516
2020-09-21,2.129
2020-09-22,1.718
2020-09-23,1.631
2020-09-24,1.989
2020-09-25,1.727
2020-09-26,1.905
2020-09-27,1.884
2020-09-28,2.06
2020-09-29,2.085
2020-09-30,2.165
2020-10-01,2.212
2020-10-02,2.303
2020-10-03,2.551
2020-10-04,2.539
2020-10-05,2.547
2020-10-06,2.788
2020-10-07,3.14
2020-10-08,2.95
2020-10-09,3.365
2020-10-10,3.324
2020-10-11,3.267
2020-10-12,3.511
2020-10-13,3.554
2020-10-14,3.799
2020-10-15,3.797
2020-10-16,3.984
2020-10-17,4.043
2020-10-18,4.174
2020-10-19,4.486
2020-10-20,4.673
2020-10-21,4.687
2020-10-22,4.685
2020-10-23,4.663
2020-10-24,4.967
2020-10-25,4.85
2020-10-26,5.046
2020-10-27,5.133
2020-10-28,4.995
2020-10-29,5.095
2020-10-30,5.062
2020-10-31,5.29
2020-11-01,5.062
2020-11-02,5.026
2020-11-03,4.999
2020-11-04,4.966
2020-11-05,5.219
2020-11-06,4.795
2020-11-07,5.009
2020-11-08,4.661
2020-11-09,4.635
2020-11-10,4.633
2020-11-11,4.464
2020-11-12,4.34
2020-11-13,4.195
2020-11-14,4.04
2020-11-15,3.928
2020-11-16,3.807
2020-11-17,3.64
2020-11-18,3.519
2020-11-19,3.435
2020-11-20,3.331
2020-11-21,3.135
2020-11-22,3.115
2020-11-23,2.952
2020-11-24,2.93
2020-11-25,2.905
2020-11-26,2.541
2020-11-27,2.515
2020-11-28,2.34
2020-11-29,2.441
2020-11-30,2.625
2020-12-01,2.232
2020-12-02,1.993
2020-12-03,2.304
2020-12-04,2.562
2020-12-05,1.883
2020-12-06,1.79
2020-12-07,1.755
2020-12-08,1.616
2020-12-09,1.754
2020-12-10,1.527
2020-12-11,1.54
2020-12-12,1.566
2020-12-13,1.571
2020-12-14,1.525
2020-12-15,1.499
2020-12-16,1.546
2020-12-17,1.39
2020-12-18,1.452
2020-12-19,1.637
2020-12-20,1.458
2020-12-21,1.465
2020-12-22,1.289
2020-12-23,1.674
2020-12-24,1.391
2020-12-25,1.301
2020-12-26,1.339
2020-12-27,1.333
2020-12-28,1.299
2020-12-29,1.384
2020-12-30,1.403
2020-12-31,1.533
2021-01-01,1.374
2021-01-02,1.538
2021-01-03,1.588
2021-01-04,1.241
2021-01-05,1.387
2021-01-06,1.202
2021-01-07,1.214
2021-01-08,1.202
2021-01-09,1.238
2021-01-10,1.243
2021-01-11,1.36
2021-01-12,1.252
2021-01-13,1.235
2021-01-14,1.569
2021-01-15,1.457
2021-01-16,1.215
2021-01-17,1.239
2021-01-18,1.419
2021-01-19,1.204
2021-01-20,1.282
2021-01-21,1.248
2021-01-22,1.247
2021-01-23,1.203
2021-01-24,1.361
2021-01-25,1.83
2021-01-26,1.45
2021-01-27,1.677
2021-01-28,1.251
2021-01-29,1.513
2021-01-30,1.246
2021-01-31,1.571
2021-02-01,1.251
2021-02-02,1.475
2021-02-03,1.241
2021-02-04,1.279
2021-02-05,1.527
2021-02-06,1.203
2021-02-07,1.208
2021-02-08,1.309
2021-02-09,1.497
2021-02-10,1.529
2021-02-11,1.294
2021-02-12,1.213
2021-02-13,1.409
2021-02-14,1.351
2021-02-15,1.309
2021-02-16,1.367
2021-02-17,1.35
2021-02-18,1.386
2021-02-19,1.254
2021-02-20,1.266
2021-02-21,1.282
2021-02-22,1.441
2021-02-23,1.305
2021-02-24,1.299
2021-02-25,1.203
2021-02-26,1.235
2021-02-27,1.268
2021-02-28,1.281
2021-03-01,1.272
2021-03-02,1.327
2021-03-03,1.286
2021-03-04,1.245
2021-03-05,1.318
2021-03-06,1.219
2021-03-07,1.22
2021-03-08,1.202
2021-03-09,1.329
2021-03-10,1.276
2021-03-11,1.479
2021-03-12,1.308
2021-03-13,1.562
2021-03-14,1.296
2021-03-15,1.209
2021-03-16,1.244
2021-03-17,1.56
2021-03-18,1.207
2021-03-19,1.287
2021-03-20,1.821
2021-03-21,1.603
2021-03-22,1.452
2021-03-23,1.433
2021-03-24,1.237
2021-03-25,1.348
2021-03-26,1.423
2021-03-27,1.396
2021-03-28,1.369
2021-03-29,1.3
2021-03-30,1.42
2021-03-31,1.308
2021-04-01,1.296
2021-04-02,1.49
2021-04-03,1.415
2021-04-04,1.629
2021-04-05,1.229
2021-04-06,1.391
2021-04-07,1.24
2021-04-08,1.264
2021-04-09,1.246
2021-04-10,1.265
2021-04-11,1.561
2021-04-12,1.421
2021-04-13,1.429
2021-04-14,1.308
2021-04-15,1.45
2021-04-16,1.581
2021-04-17,1.534
2021-04-18,1.403
2021-04-19,1.464
2021-04-20,1.808
2021-04-21,1.495
2021-04-22,1.623
2021-04-23,1.946
2021-04-24,1.62
2021-04-25,1.706
2021-04-26,1.719
2021-04-27,1.797
2021-04-28,1.836
2021-04-29,2.006
2021-04-30,1.991
2021-05-01,2.107
2021-05-02,2.024
2021-05-03,2.113
2021-05-04,2.123
2021-05-05,2.138
2021-05-06,2.421
2021-05-07,2.918
2021-05-08,2.211
2021-05-09,2.241
2021-05-10,2.247
2021-05-11,2.533
2021-05-12,2.255
2021-05-13,2.49
2021-05-14,2.823
2021-05-15,2.166
2021-05-16,2.087
2021-05-17,2.078
2021-05-18,2.103
2021-05-19,2.047
2021-05-20,2.124
2021-05-21,1.927
2021-05-22,1.849
2021-05-23,2.078
2021-05-24,1.937
2021-05-25,1.699
2021-05-26,1.782
2021-05-27,1.61
2021-05-28,1.549
2021-05-29,1.502
2021-05-30,1.505
2021-05-31,1.628
2021-06-01,1.981
2021-06-02,1.45
2021-06-03,1.82
2021-06-04,1.82
2021-06-05,1.395
2021-06-06,1.554
2021-06-07,1.522
2021-06-08,1.472
2021-06-09,1.362
2021-06-10,1.308
2021-06-11,1.399
2021-06-12,1.346
2021-06-13,1.375
2021-06-14,1.418
2021-06-15,1.333
2021-06-16,1.456
2021-06-17,1.282
2021-06-18,1.498
2021-06-19,1.48
2021-06-20,1.548
2021-06-21,1.838
2021-06-22,1.242
2021-06-23,1.422
2021-06-24,1.206
2021-06-25,1.478
2021-06-26,1.268
2021-06-27,1.327
2021-06-28,1.511
2021-06-29,1.231
2021-06-30,1.424
2021-07-01,1.293
2021-07-02,1.392
2021-07-03,1.52
2021-07-04,1.239
2021-07-05,1.3
2021-07-06,1.252
2021-07-07,1.254
2021-07-08,1.322
2021-07-09,1.412
2021-07-10,1.316
2021-07-11,1.536
2021-07-12,1.405
2021-07-13,1.235
2021-07-14,1.417
2021-07-15,1.374
2021-07-16,1.511
2021-07-17,1.259
2021-07-18,1.42
2021-07-19,1.319
2021-07-20,1.406
2021-07-21,1.202
2021-07-22,1.445
2021-07-23,1.266
2021-07-24,1.375
2021-07-25,1.582
2021-07-26,1.236
2021-07-27,1.214
2021-07-28,1.296
2021-07-29,1.243
2021-07-30,1.291
2021-07-31,1.349
2021-08-01,1.297
2021-08-02,1.316
2021-08-03,1.285
2021-08-04,1.377
2021-08-05,1.331
2021-08-06,1.463
2021-08-07,1.232
2021-08-08,1.483
2021-08-09,1.532
2021-08-10,1.231
2021-08-11,1.24
2021-08-12,1.265
2021-08-13,1.209
2021-08-14,1.476
2021-08-15,1.351
2021-08-16,1.236
2021-08-17,1.314
2021-08-18,1.25
2021-08-19,2.298
2021-08-20,1.349
2021-08-21,1.347
2021-08-22,1.223
2021-08-23,1.281
2021-08-24,1.255
2021-08-25,1.533
2021-08-26,1.205
2021-08-27,1.239
2021-08-28,1.209
2021-08-29,1.302
2021-08-30,1.491
2021-08-31,1.295
2021-09-01,1.289
2021-09-02,1.366
2021-09-03,1.547
2021-09-04,1.276
2021-09-05,1.504
2021-09-06,1.311
2021-09-07,1.498
2021-09-08,1.36
2021-09-09,1.329
2021-09-10,1.356
2021-09-11,1.709
2021-09-12,1.294
2021-09-13,1.348
2021-09-14,1.334
2021-09-15,1.52
2021-09-16,1.398
2021-09-17,1.378
2021-09-18,1.519
2021-09-19,1.585
2021-09-20,1.661
2021-09-21,1.521
2021-09-22,1.736
2021-09-23,1.634
2021-09-24,1.619
2021-09-25,1.669
2021-09-26,2.196
2021-09-27,1.895
2021-09-28,1.919
2021-09-29,1.913
2021-09-30,2.056
2021-10-01,2.114
2021-10-02,2.238
2021-10-03,2.276
2021-10-04,2.527
2021-10-05,2.468
2021-10-06,2.737
2021-10-07,2.661
2021-10-08,3.081
2021-10-09,2.93
2021-10-10,3.149
2021-10-11,3.169
2021-10-12,3.272
2021-10-13,3.69
2021-10-14,3.943
2021-10-15,3.818
2021-10-16,3.854
2021-10-17,4.027
2021-10-18,4.345
2021-10-19,4.576
2021-10-20,4.708
2021-10-21,5.045
2021-10-22,5.054
2021-10-23,4.899
2021-10-24,4.715
2021-10-25,4.902
2021-10-26,4.927
2021-10-27,4.919
2021-10-28,5.236
2021-10-29,5.38
2021-10-30,5.024
2021-10-31,5.106
2021-11-01,5.248
2021-11-02,5.501
2021-11-03,5.06
2021-11-04,5.002
2021-11-05,5.109
2021-11-06,4.858
2021-11-07,4.871
2021-11-08,4.77
2021-11-09,4.671
2021-11-10,4.633
2021-11-11,4.609
2021-11-12,4.416
2021-11-13,4.637
2021-11-14,4.187
2021-11-15,4.206
2021-11-16,4.52
2021-11-17,4.043
2021-11-18,3.755
2021-11-19,4.074
2021-11-20,3.463
2021-11-21,3.601
2021-11-22,3.124
2021-11-23,3.176
2021-11-24,2.944
2021-11-25,2.923
2021-11-26,2.803
2021-11-27,2.583
2021-11-28,2.468
2021-11-29,2.413
2021-11-30,2.491
2021-12-01,2.222
2021-12-02,2.222
2021-12-03,2.101
2021-12-04,1.971
2021-12-05,2.053
2021-12-06,1.931
2021-12-07,1.784
2021-12-08,1.734
2021-12-09,1.614
2021-12-10,1.655
2021-12-11,1.613
2021-12-12,1.511
2021-12-13,1.566
2021-12-14,1.692
2021-12-15,1.442
2021-12-16,1.464
2021-12-17,1.477
2021-12-18,1.464
2021-12-19,1.653
2021-12-20,1.304
2021-12-21,1.315
2021-12-22,1.697
2021-12-23,1.303
2021-12-24,1.328
2021-12-25,1.533
2021-12-26,1.291
2021-12-27,1.619
2021-12-28,1.272
2021-12-29,1.532
2021-12-30,1.321
2021-12-31,1.221
2022-01-01,1.601
2022-01-02,1.628
2022-01-03,1.35
2022-01-04,1.681
2022-01-05,1.654
2022-01-06,1.308
2022-01-07,1.325
2022-01-08,1.292
2022-01-09,1.222
2022-01-10,1.2
2022-01-11,1.239
2022-01-12,1.262
2022-01-13,1.301
2022-01-14,1.668
2022-01-15,1.292
2022-01-16,1.479
2022-01-17,1.381
2022-01-18,1.421
2022-01-19,1.312
2022-01-20,1.272
2022-01-21,1.259
2022-01-22,1.721
2022-01-23,1.322
2022-01-24,1.235
2022-01-25,1.302
2022-01-26,1.316
2022-01-27,1.203
2022-01-28,1.205
2022-01-29,1.207
2022-01-30,1.291
2022-01-31,1.253
2022-02-01,1.301
2022-02-02,1.365
2022-02-03,1.366
2022-02-04,1.274
2022-02-05,1.925
2022-02-06,1.488
2022-02-07,1.283
2022-02-08,1.349
2022-02-09,1.223
2022-02-10,1.419
2022-02-11,1.395
2022-02-12,1.304
2022-02-13,1.291
2022-02-14,1.293
2022-02-15,1.337
2022-02-16,1.323
2022-02-17,1.76
2022-02-18,1.207
2022-02-19,1.388
2022-02-20,1.327
2022-02-21,1.291
2022-02-22,1.272
2022-02-23,1.29
2022-02-24,1.299
2022-02-25,1.351
2022-02-26,1.257
2022-02-27,1.203
2022-02-28,1.426
2022-03-01,1.252
2022-03-02,1.273
2022-03-03,1.339
2022-03-04,1.494
2022-03-05,1.578
2022-03-06,1.304
2022-03-07,1.227
2022-03-08,1.296
2022-03-09,1.457
2022-03-10,1.243
2022-03-11,1.334
2022-03-12,1.251
2022-03-13,1.266
2022-03-14,1.508
2022-03-15,1.339
2022-03-16,1.39
2022-03-17,1.263
2022-03-18,1.264
2022-03-19,1.436
2022-03-20,1.207
2022-03-21,1.228
2022-03-22,1.331
2022-03-23,1.304
2022-03-24,1.622
2022-03-25,1.44
2022-03-26,1.417
2022-03-27,1.381
2022-03-28,1.204
2022-03-29,1.521
2022-03-30,1.31
2022-03-31,1.411
2022-04-01,1.31
2022-04-02,1.239
2022-04-03,1.356
2022-04-04,1.23
2022-04-05,1.286
2022-04-06,1.363
2022-04-07,1.314
2022-04-08,1.376
2022-04-09,1.582
2022-04-10,1.382
2022-04-11,1.274
2022-04-12,1.286
2022-04-13,1.505
2022-04-14,1.327
2022-04-15,1.315
2022-04-16,1.401
2022-04-17,1.363
2022-04-18,1.392
2022-04-19,1.452
2022-04-20,1.453
2022-04-21,1.707
2022-04-22,1.655
2022-04-23,1.696
2022-04-24,1.651
2022-04-25,1.671
2022-04-26,2.05
2022-04-27,1.763
2022-04-28,1.996
2022-04-29,1.876
2022-04-30,1.912
2022-05-01,2.08
2022-05-02,2.013
2022-05-03,2.06
2022-05-04,2.285
2022-05-05,2.487
2022-05-06,2.669
2022-05-07,2.185
2022-05-08,2.197
2022-05-09,2.221
2022-05-10,2.382
2022-05-11,2.23
2022-05-12,2.215
2022-05-13,2.298
2022-05-14,2.175
2022-05-15,3.034
2022-05-16,2.093
2022-05-17,2.195
2022-05-18,2.792
2022-05-19,2.011
2022-05-20,2.032
2022-05-21,1.859
2022-05-22,1.934
2022-05-23,1.841
2022-05-24,1.861
2022-05-25,1.667
2022-05-26,1.691
2022-05-27,1.662
2022-05-28,1.646
2022-05-29,1.517
2022-05-30,1.623
2022-05-31,1.913
2022-06-01,1.778
2022-06-02,1.779
2022-06-03,1.517
2022-06-04,1.507
2022-06-05,1.894
2022-06-06,1.471
2022-06-07,1.465
2022-06-08,1.284
2022-06-09,1.837
2022-06-10,1.542
2022-06-11,1.286
2022-06-12,1.372
2022-06-13,1.519
2022-06-14,1.26
2022-06-15,1.397
2022-06-16,1.278
2022-06-17,1.218
2022-06-18,1.334
2022-06-19,1.255
2022-06-20,1.32
2022-06-21,1.346
2022-06-22,1.39
2022-06-23,1.55
2022-06-24,1.278
2022-06-25,1.323
2022-06-26,1.558
2022-06-27,1.23
2022-06-28,1.348
2022-06-29,1.418
2022-06-30,1.218
2022-07-01,1.364
2022-07-02,1.764
2022-07-03,1.243
2022-07-04,1.34
2022-07-05,1.353
2022-07-06,1.223
2022-07-07,1.233
2022-07-08,1.279
2022-07-09,1.61
2022-07-10,1.522
2022-07-11,1.276
2022-07-12,1.295
2022-07-13,1.34
2022-07-14,1.264
2022-07-15,1.696
2022-07-16,1.466
2022-07-17,1.482
2022-07-18,1.294
2022-07-19,1.913
2022-07-20,1.265
2022-07-21,1.398
2022-07-22,1.256
2022-07-23,1.441
2022-07-24,1.305
2022-07-25,1.275
2022-07-26,1.282
2022-07-27,1.219
2022-07-28,1.716
2022-07-29,1.731
2022-07-30,1.309
2022-07-31,1.516
2022-08-01,1.223
2022-08-02,1.224
2022-08-03,1.423
2022-08-04,1.212
2022-08-05,1.7
2022-08-06,1.217
2022-08-07,1.203
2022-08-08,1.295
2022-08-09,1.389
2022-08-10,1.475
2022-08-11,1.433
2022-08-12,1.353
2022-08-13,1.405
2022-08-14,1.228
2022-08-15,1.208
2022-08-16,1.204
2022-08-17,1.202
2022-08-18,1.473
2022-08-19,1.22
2022-08-20,1.295
2022-08-21,1.453
2022-08-22,1.358
2022-08-23,1.238
2022-08-24,1.361
2022-08-25,1.266
2022-08-26,1.221
2022-08-27,1.234
2022-08-28,1.325
2022-08-29,1.239
2022-08-30,1.34
2022-08-31,1.484
2022-09-01,1.224
2022-09-02,1.346
2022-09-03,1.484
2022-09-04,1.287
2022-09-05,1.318
2022-09-06,1.304
2022-09-07,1.391
2022-09-08,1.424
2022-09-09,1.447
2022-09-10,1.387
2022-09-11,1.453
2022-09-12,1.424
2022-09-13,1.436
2022-09-14,1.347
2022-09-15,1.363
2022-09-16,1.677
2022-09-17,1.421
2022-09-18,1.537
2022-09-19,1.442
2022-09-20,1.517
2022-09-21,1.592
2022-09-22,1.813
2022-09-23,1.58
2022-09-24,1.74
2022-09-25,1.777
2022-09-26,1.785
2022-09-27,2.145
2022-09-28,1.994
2022-09-29,1.928
2022-09-30,2.141
2022-10-01,2.114
2022-10-02,2.254
2022-10-03,2.314
2022-10-04,2.558
2022-10-05,2.48
2022-10-06,2.862
2022-10-07,2.763
2022-10-08,3.09
2022-10-09,3.101
2022-10-10,3.093
2022-10-11,3.176
2022-10-12,3.578
2022-10-13,3.384
2022-10-14,3.815
2022-10-15,3.653
2022-10-16,3.816
2022-10-17,3.925
2022-10-18,4.086
2022-10-19,4.188
2022-10-20,4.676
2022-10-21,4.481
2022-10-22,4.598
2022-10-23,5.323
2022-10-24,4.725
2022-10-25,5.022
2022-10-26,5.391
2022-10-27,5.071
2022-10-28,5.115
2022-10-29,5.433
2022-10-30,5.005
2022-10-31,5.025
2022-11-01,5.302
2022-11-02,5.097
2022-11-03,5.013
2022-11-04,5.057
2022-11-05,5.383
2022-11-06,4.913
2022-11-07,4.822
2022-11-08,4.81
2022-11-09,4.717
2022-11-10,4.7
2022-11-11,4.766
2022-11-12,4.726
2022-11-13,4.318
2022-11-14,4.133
2022-11-15,4.086
2022-11-16,4.135
2022-11-17,3.78
2022-11-18,3.782
2022-11-19,3.801
2022-11-20,3.721
2022-11-21,3.27
2022-11-22,3.36
2022-11-23,3.186
2022-11-24,2.884
2022-11-25,2.929
2022-11-26,2.721
2022-11-27,2.64
2022-11-28,2.587
2022-11-29,2.334
2022-11-30,2.306
2022-12-01,2.309
2022-12-02,2.122
2022-12-03,2.142
2022-12-04,2.004
2022-12-05,1.954
2022-12-06,1.797
2022-12-07,1.857
2022-12-08,1.672
2022-12-09,1.764
2022-12-10,1.672
2022-12-11,1.541
2022-12-12,1.823
2022-12-13,1.556
2022-12-14,1.467
2022-12-15,1.789
2022-12-16,1.501
2022-12-17,1.378
2022-12-18,1.718
2022-12-19,1.617
2022-12-20,1.416
2022-12-21,1.293
2022-12-22,1.304
2022-12-23,1.303
2022-12-24,1.262
2022-12-25,1.314
2022-12-26,1.294
2022-12-27,1.247
2022-12-28,1.373
2022-12-29,1.295
2022-12-30,1.452
2022-12-31,1.27
2023-01-01,1.477
2023-01-02,1.245
2023-01-03,1.815
2023-01-04,1.347
2023-01-05,1.248
2023-01-06,1.219
2023-01-07,1.505
2023-01-08,1.236
2023-01-09,1.246
2023-01-10,1.543
2023-01-11,1.311
2023-01-12,1.24
2023-01-13,1.363
2023-01-14,1.209
2023-01-15,1.363
2023-01-16,1.47
2023-01-17,1.243
2023-01-18,1.201
2023-01-19,1.39
2023-01-20,1.39
2023-01-21,1.295
2023-01-22,1.344
2023-01-23,1.653
2023-01-24,1.684
2023-01-25,1.32
2023-01-26,1.295
2023-01-27,1.505
2023-01-28,1.275
2023-01-29,1.332
2023-01-30,1.281
2023-01-31,1.235
2023-02-01,1.333
2023-02-02,1.335
2023-02-03,1.491
2023-02-04,1.315
2023-02-05,1.306
2023-02-06,1.471
2023-02-07,1.213
2023-02-08,1.482
2023-02-09,1.299
2023-02-10,1.251
2023-02-11,1.264
2023-02-12,1.231
2023-02-13,1.526
2023-02-14,1.238
2023-02-15,1.224
2023-02-16,1.202
2023-02-17,1.29
2023-02-18,1.231
2023-02-19,1.23
2023-02-20,1.456
2023-02-21,1.21
2023-02-22,1.343
2023-02-23,1.616
2023-02-24,1.329
2023-02-25,1.219
2023-02-26,1.97
2023-02-27,1.366
2023-02-28,1.288
2023-03-01,1.239
2023-03-02,1.221
2023-03-03,1.528
2023-03-04,1.318
2023-03-05,1.301
2023-03-06,1.265
2023-03-07,1.371
2023-03-08,1.357
2023-03-09,1.289
2023-03-10,1.201
2023-03-11,1.31
2023-03-12,1.282
2023-03-13,1.228
2023-03-14,1.536
2023-03-15,1.203
2023-03-16,1.359
2023-03-17,1.294
2023-03-18,1.304
2023-03-19,1.398
2023-03-20,1.398
2023-03-21,1.345
2023-03-22,1.245
2023-03-23,1.248
2023-03-24,1.212
2023-03-25,1.354
2023-03-26,1.236
2023-03-27,1.428
2023-03-28,1.277
2023-03-29,1.378
2023-03-30,1.715
2023-03-31,1.324
2023-04-01,1.486
2023-04-02,1.27
2023-04-03,1.3
2023-04-04,1.366
2023-04-05,1.235
2023-04-06,1.246
2023-04-07,1.435
2023-04-08,1.25
2023-04-09,1.249
2023-04-10,1.528
2023-04-11,1.292
2023-04-12,1.473
2023-04-13,1.353
2023-04-14,1.596
2023-04-15,1.388
2023-04-16,1.454
2023-04-17,1.501
2023-04-18,1.42
2023-04-19,1.443
2023-04-20,1.506
2023-04-21,1.554
2023-04-22,1.604
2023-04-23,1.587
2023-04-24,1.665
2023-04-25,1.842
2023-04-26,1.815
2023-04-27,1.879
2023-04-28,1.946
2023-04-29,1.923
2023-04-30,2.067
2023-05-01,2.238
2023-05-02,2.12
2023-05-03,2.149
2023-05-04,2.325
2023-05-05,2.135
2023-05-06,2.252
2023-05-07,2.268
2023-05-08,2.51
2023-05-09,2.327
2023-05-10,2.628
2023-05-11,2.514
2023-05-12,2.246
2023-05-13,2.32
2023-05-14,2.725
2023-05-15,2.495
2023-05-16,2.283
2023-05-17,2.32
2023-05-18,2.085
2023-05-19,2.139
2023-05-20,1.947
2023-05-21,1.891
2023-05-22,2.065
2023-05-23,1.955
2023-05-24,1.812
2023-05-25,1.776
2023-05-26,1.705
2023-05-27,1.595
2023-05-28,1.917
2023-05-29,1.582
2023-05-30,1.931
2023-05-31,1.511
2023-06-01,1.57
2023-06-02,1.36
2023-06-03,1.403
2023-06-04,1.382
2023-06-05,1.361
2023-06-06,1.462
2023-06-07,1.608
2023-06-08,1.299
2023-06-09,1.315
2023-06-10,1.381
2023-06-11,1.297
2023-06-12,1.238
2023-06-13,1.358
2023-06-14,1.872
2023-06-15,1.494
2023-06-16,1.233
2023-06-17,1.209
2023-06-18,1.302
2023-06-19,1.335
2023-06-20,1.231
2023-06-21,1.302
2023-06-22,1.458
2023-06-23,1.409
2023-06-24,1.336
2023-06-25,1.426
2023-06-26,1.362
2023-06-27,1.265
2023-06-28,1.29
2023-06-29,1.395
2023-06-30,1.258
2023-07-01,1.29
2023-07-02,1.226
2023-07-03,1.285
2023-07-04,1.348
2023-07-05,1.5
2023-07-06,2.058
2023-07-07,1.393
2023-07-08,1.513
2023-07-09,1.208
2023-07-10,1.308
2023-07-11,1.274
2023-07-12,1.296
2023-07-13,1.252
2023-07-14,1.317
2023-07-15,1.243
2023-07-16,1.22
2023-07-17,1.253
2023-07-18,2.554
2023-07-19,1.358
2023-07-20,1.215
2023-07-21,1.297
2023-07-22,1.651
2023-07-23,1.33
2023-07-24,1.227
2023-07-25,1.259
2023-07-26,1.222
2023-07-27,1.273
2023-07-28,1.264
2023-07-29,1.221
2023-07-30,1.292
2023-07-31,1.567
2023-08-01,1.304
2023-08-02,1.243
2023-08-03,1.572
2023-08-04,1.257
2023-08-05,1.862
2023-08-06,1.839
2023-08-07,1.299
2023-08-08,1.588
2023-08-09,1.25
2023-08-10,1.265
2023-08-11,1.506
2023-08-12,1.646
2023-08-13,1.331
2023-08-14,1.585
2023-08-15,1.253
2023-08-16,1.471
2023-08-17,1.84
2023-08-18,1.316
2023-08-19,1.338
2023-08-20,1.219
2023-08-21,1.244
2023-08-22,1.328
2023-08-23,1.257
2023-08-24,1.238
2023-08-25,1.257
2023-08-26,1.215
2023-08-27,1.363
2023-08-28,1.763
2023-08-29,1.733
2023-08-30,1.402
2023-08-31,1.314
2023-09-01,1.499
2023-09-02,1.445
2023-09-03,1.371
2023-09-04,1.387
2023-09-05,1.507
2023-09-06,1.242
2023-09-07,1.337
2023-09-08,1.271
2023-09-09,1.435
2023-09-10,1.273
2023-09-11,1.724
2023-09-12,1.595
2023-09-13,1.58
2023-09-14,1.341
2023-09-15,1.436
2023-09-16,1.577
2023-09-17,1.458
2023-09-18,1.419
2023-09-19,1.666
2023-09-20,1.701
2023-09-21,1.592
2023-09-22,1.621
2023-09-23,1.867
2023-09-24,1.979
2023-09-25,1.679
2023-09-26,2.362
2023-09-27,2.038
2023-09-28,1.846
2023-09-29,1.943
2023-09-30,2.154
2023-10-01,2.43
2023-10-02,2.163
2023-10-03,2.264
2023-10-04,2.409
2023-10-05,2.574
2023-10-06,2.55
2023-10-07,2.735
2023-10-08,2.777
2023-10-09,2.922
2023-10-10,3.352
2023-10-11,3.87
2023-10-12,3.332
2023-10-13,3.411
2023-10-14,4.163
2023-10-15,3.696
2023-10-16,3.805
2023-10-17,3.937
2023-10-18,4.4
2023-10-19,4.292
2023-10-20,4.447
2023-10-21,4.421
2023-10-22,4.474
2023-10-23,4.711
2023-10-24,4.723
2023-10-25,4.793
2023-10-26,4.822
2023-10-27,4.966
2023-10-28,5.276
2023-10-29,5.108
2023-10-30,5.189
2023-10-31,5.027
2023-11-01,5.096
2023-11-02,5.085
2023-11-03,5.03
2023-11-04,4.964
2023-11-05,4.974
2023-11-06,4.866
2023-11-07,4.886
2023-11-08,4.85
2023-11-09,4.738
2023-11-10,4.659
2023-11-11,4.475
2023-11-12,4.418
2023-11-13,4.96
2023-11-14,4.179
2023-11-15,4.075
2023-11-16,3.923
2023-11-17,3.954
2023-11-18,3.654
2023-11-19,3.648
2023-11-20,3.43
2023-11-21,3.467
2023-11-22,3.26
2023-11-23,3.116
2023-11-24,2.987
2023-11-25,2.801
2023-11-26,3.056
2023-11-27,2.912
2023-11-28,3.052
2023-11-29,2.334
2023-11-30,3.261
2023-12-01,2.574
2023-12-02,2.304
2023-12-03,2.048
2023-12-04,2.054
2023-12-05,2.051
2023-12-06,1.944
2023-12-07,1.842
2023-12-08,1.888
2023-12-09,1.952
2023-12-10,1.57
2023-12-11,1.579
2023-12-12,1.484
2023-12-13,1.476
2023-12-14,1.435
2023-12-15,1.514
2023-12-16,1.455
2023-12-17,1.539
2023-12-18,1.507
2023-12-19,1.446
2023-12-20,1.323
2023-12-21,1.326
2023-12-22,1.28
2023-12-23,1.265
2023-12-24,1.325
2023-12-25,1.365
2023-12-26,1.334
2023-12-27,1.836
2023-12-28,1.484
2023-12-29,1.378
2023-12-30,1.266
2023-12-31,1.553
2024-01-01,1.222
2024-01-02,1.286
2024-01-03,1.59
2024-01-04,1.314
2024-01-05,1.247
2024-01-06,1.391
2024-01-07,1.362
2024-01-08,1.305
2024-01-09,1.398
2024-01-10,1.241
2024-01-11,1.937
2024-01-12,1.352
2024-01-13,1.353
2024-01-14,1.235
2024-01-15,1.202
2024-01-16,1.311
2024-01-17,1.343
2024-01-18,1.647
2024-01-19,1.274
2024-01-20,1.388
2024-01-21,1.209
2024-01-22,1.382
2024-01-23,1.589
2024-01-24,1.224
2024-01-25,1.539
2024-01-26,1.308
2024-01-27,1.397
2024-01-28,1.21
2024-01-29,1.235
2024-01-30,1.302
2024-01-31,1.429
2024-02-01,1.503
2024-02-02,1.201
2024-02-03,1.239
2024-02-04,1.614
2024-02-05,1.298
2024-02-06,1.236
2024-02-07,1.262
2024-02-08,1.219
2024-02-09,1.338
2024-02-10,1.373
2024-02-11,1.246
2024-02-12,1.544
2024-02-13,1.356
2024-02-14,1.223
2024-02-15,1.275
2024-02-16,1.251
2024-02-17,1.202
2024-02-18,1.412
2024-02-19,1.619
2024-02-20,1.286
2024-02-21,1.621
2024-02-22,1.49
2024-02-23,1.294
2024-02-24,1.252
2024-02-25,1.242
2024-02-26,1.222
2024-02-27,1.35
2024-02-28,1.425
2024-02-29,1.202
2024-03-01,1.257
2024-03-02,1.255
2024-03-03,1.595
2024-03-04,1.343
2024-03-05,1.542
2024-03-06,1.258
2024-03-07,1.222
2024-03-08,1.358
2024-03-09,1.274
2024-03-10,1.39
2024-03-11,1.241
2024-03-12,1.36
2024-03-13,1.511
2024-03-14,1.222
2024-03-15,1.695
2024-03-16,1.322
2024-03-17,1.364
2024-03-18,1.325
2024-03-19,1.407
2024-03-20,1.391
2024-03-21,1.211
2024-03-22,1.554
2024-03-23,1.206
2024-03-24,1.513
2024-03-25,1.242
2024-03-26,1.213
2024-03-27,1.256
2024-03-28,1.299
2024-03-29,1.263
2024-03-30,1.41
2024-03-31,1.217
2024-04-01,1.368
2024-04-02,1.268
2024-04-03,1.214
2024-04-04,1.225
2024-04-05,1.307
2024-04-06,1.269
2024-04-07,1.263
2024-04-08,1.46
2024-04-09,1.483
2024-04-10,1.821
2024-04-11,1.321
2024-04-12,1.344
2024-04-13,1.315
2024-04-14,1.396
2024-04-15,1.345
2024-04-16,1.383
2024-04-17,1.401
2024-04-18,1.583
2024-04-19,1.465
2024-04-20,1.59
2024-04-21,1.572
2024-04-22,1.894
2024-04-23,1.712
2024-04-24,1.684
2024-04-25,1.979
2024-04-26,1.921
2024-04-27,1.852
2024-04-28,1.863
2024-04-29,1.984
2024-04-30,1.96
2024-05-01,2.108
2024-05-02,2.191
2024-05-03,2.501
2024-05-04,2.345
2024-05-05,2.288
2024-05-06,2.451
2024-05-07,2.278
2024-05-08,2.758
2024-05-09,2.316
2024-05-10,2.253
2024-05-11,2.291
2024-05-12,2.258
2024-05-13,2.164
2024-05-14,2.389
2024-05-15,2.237
2024-05-16,2.212
2024-05-17,2.026
2024-05-18,2.056
2024-05-19,1.924
2024-05-20,2.091
2024-05-21,2.013
2024-05-22,1.964
2024-05-23,1.844
2024-05-24,1.761
2024-05-25,1.88
2024-05-26,1.599
2024-05-27,1.582
2024-05-28,1.674
2024-05-29,1.643
2024-05-30,1.522
2024-05-31,1.727
2024-06-01,1.579
2024-06-02,1.349
2024-06-03,1.588
2024-06-04,1.297
2024-06-05,1.948
2024-06-06,1.466
2024-06-07,1.344
2024-06-08,1.343
2024-06-09,1.394
2024-06-10,1.433
2024-06-11,1.334
2024-06-12,1.46
2024-06-13,1.399
2024-06-14,1.451
2024-06-15,1.268
2024-06-16,1.308
2024-06-17,1.397
2024-06-18,2.03
2024-06-19,1.562
2024-06-20,1.205
2024-06-21,1.222
2024-06-22,1.437
2024-06-23,1.275
2024-06-24,1.208
2024-06-25,1.59
2024-06-26,1.348
2024-06-27,1.274
2024-06-28,1.224
2024-06-29,1.495
2024-06-30,1.218
2024-07-01,1.478
2024-07-02,1.206
2024-07-03,1.307
2024-07-04,1.804
2024-07-05,1.395
2024-07-06,1.292
2024-07-07,1.26
2024-07-08,1.384
2024-07-09,1.251
2024-07-10,1.421
2024-07-11,1.222
2024-07-12,1.306
2024-07-13,1.524
2024-07-14,1.245
2024-07-15,1.305
2024-07-16,1.349
2024-07-17,1.455
2024-07-18,1.209
2024-07-19,1.202
2024-07-20,1.806
2024-07-21,1.252
2024-07-22,1.222
2024-07-23,1.236
2024-07-24,1.394
2024-07-25,1.278
2024-07-26,1.383
2024-07-27,1.503
2024-07-28,1.231
2024-07-29,1.273
2024-07-30,1.497
2024-07-31,1.209
2024-08-01,1.794
2024-08-02,1.227
2024-08-03,1.277
2024-08-04,1.366
2024-08-05,1.233
2024-08-06,1.338
2024-08-07,1.221
2024-08-08,1.277
2024-08-09,1.202
2024-08-10,1.216
2024-08-11,1.225
2024-08-12,1.355
2024-08-13,1.389
2024-08-14,1.269
2024-08-15,1.238
2024-08-16,1.432
2024-08-17,1.211
2024-08-18,1.272
2024-08-19,1.865
2024-08-20,1.699
2024-08-21,1.304
2024-08-22,1.228
2024-08-23,1.365
2024-08-24,1.277
2024-08-25,1.246
2024-08-26,1.256
2024-08-27,1.885
2024-08-28,1.223
2024-08-29,1.302
2024-08-30,1.212
2024-08-31,1.366
2024-09-01,1.238
2024-09-02,1.324
2024-09-03,1.233
2024-09-04,1.256
2024-09-05,1.243
2024-09-06,1.607
2024-09-07,1.258
2024-09-08,1.402
2024-09-09,1.374
2024-09-10,1.396
2024-09-11,1.284
2024-09-12,1.443
2024-09-13,1.633
2024-09-14,1.493
2024-09-15,1.41
2024-09-16,1.505
2024-09-17,1.499
2024-09-18,1.57
2024-09-19,1.605
2024-09-20,1.594
2024-09-21,1.559
2024-09-22,1.774
2024-09-23,1.818
2024-09-24,1.858
2024-09-25,1.913
2024-09-26,2.085
2024-09-27,1.912
2024-09-28,2.134
2024-09-29,1.989
2024-09-30,2.187
2024-10-01,2.186
2024-10-02,2.318
2024-10-03,2.494
2024-10-04,2.532
2024-10-05,3.004
2024-10-06,2.96
2024-10-07,2.779
2024-10-08,3.027
2024-10-09,3.012
2024-10-10,3.291
2024-10-11,3.598
2024-10-12,3.38
2024-10-13,3.875
2024-10-14,3.669
2024-10-15,3.793
2024-10-16,3.944
2024-10-17,4.058
2024-10-18,4.379
2024-10-19,4.244
2024-10-20,4.377
2024-10-21,5.539
2024-10-22,4.596
2024-10-23,4.744
2024-10-24,4.741
2024-10-25,4.84
2024-10-26,4.965
2024-10-27,5.19
2024-10-28,5.029
2024-10-29,5.03
2024-10-30,5.039
2024-10-31,5.516
2024-11-01,5.362
2024-11-02,5.114
2024-11-03,5.0
2024-11-04,4.947
2024-11-05,4.903
2024-11-06,4.813
2024-11-07,4.914
2024-11-08,4.928
2024-11-09,4.592
2024-11-10,4.773
2024-11-11,4.545
2024-11-12,4.361
2024-11-13,4.535
2024-11-14,4.068
2024-11-15,3.964
2024-11-16,3.85
2024-11-17,3.672
2024-11-18,3.538
2024-11-19,3.815
2024-11-20,3.321
2024-11-21,3.142
2024-11-22,3.04
2024-11-23,3.157
2024-11-24,2.799
2024-11-25,2.664
2024-11-26,2.561
2024-11-27,2.67
2024-11-28,2.537
2024-11-29,2.852
2024-11-30,2.205
