date,temperature,humidity,wind_speed,precipitation,solar_radiation
2019-01-01,11.175,78.25,5.8,0.175,9.59
2019-01-02,12.625,79.25,6.75,0.6000000000000001,11.4575
2019-01-03,11.725,76.5,8.45,0.0,11.9575
2019-01-04,11.225,75.0,6.825,0.0,9.5375
2019-01-05,11.8,79.75,10.6,3.8,9.1575
2019-01-06,11.325,84.0,6.725,5.45,9.432500000000001
2019-01-07,10.75,79.0,7.05,0.0,12.122499999999999
2019-01-08,11.625,74.25,8.525,0.0,10.2975
2019-01-09,11.1,73.0,9.65,0.0,12.5275
2019-01-10,10.925,68.75,6.175,0.125,11.4925
2019-01-11,12.05,74.0,6.75,1.6500000000000001,11.4675
2019-01-12,12.35,78.0,6.925,2.2,11.1075
2019-01-13,12.6,76.75,8.924999999999999,0.95,11.3275
2019-01-14,10.325,64.25,11.15,0.0,13.23
2019-01-15,9.95,66.5,8.3,0.0,12.5025
2019-01-16,10.725,73.0,5.775,0.07500000000000001,10.605
2019-01-17,10.525,79.25,6.75,0.0,13.030000000000001
2019-01-18,11.075000000000001,76.75,7.425,0.0,11.7025
2019-01-19,13.275,74.25,6.775,0.075,11.695
2019-01-20,13.875,78.0,6.1000000000000005,0.0,8.765
2019-01-21,12.925,90.25,8.7,20.4,4.7275
2019-01-22,12.475,91.0,9.8,20.325,6.8
2019-01-23,11.075,86.5,6.25,0.55,11.3375
2019-01-24,10.05,84.5,6.0,0.0,12.635
2019-01-25,9.8,75.75,5.175,0.0,13.690000000000001
2019-01-26,9.475,72.0,7.825,0.0,14.0275
2019-01-27,9.274999999999999,70.25,9.1,0.0,13.6525
2019-01-28,9.25,66.5,9.35,0.0,14.525
2019-01-29,9.775,66.25,7.95,0.0,14.6275
2019-01-30,10.575,74.75,7.175,0.7000000000000001,6.37
2019-01-31,10.9,83.75,8.75,6.275,7.295
2019-02-01,11.65,84.0,8.225,2.55,11.745000000000001
2019-02-02,11.55,83.0,7.1,0.0,14.155
2019-02-03,12.625,79.5,7.3,0.0,14.86
2019-02-04,12.925,78.5,6.45,0.0,13.4475
2019-02-05,14.25,78.75,5.3,0.375,11.61
2019-02-06,14.725,80.5,10.5,8.850000000000001,12.285
2019-02-07,13.325,87.5,13.825,29.1,7.7675
2019-02-08,11.4,78.0,8.25,2.125,15.3125
2019-02-09,11.35,75.25,9.425,0.0,16.0025
2019-02-10,11.725,72.75,7.074999999999999,0.0,14.54
2019-02-11,13.05,74.5,6.699999999999999,0.075,14.157499999999999
2019-02-12,14.075,78.25,5.6,0.1,11.065
2019-02-13,14.85,80.5,5.575,0.0,12.8275
2019-02-14,14.8,88.0,9.65,16.375,8.805
2019-02-15,14.775,86.75,7.15,1.8,11.2875
2019-02-16,13.9,86.25,6.5,0.15000000000000002,12.51
2019-02-17,13.45,76.0,8.35,0.65,12.825
2019-02-18,13.7,79.25,8.775,3.9,11.7675
2019-02-19,14.575,79.75,7.299999999999999,1.875,15.1825
2019-02-20,15.925,81.75,12.2,5.85,8.4925
2019-02-21,16.825,84.0,13.575,13.175,9.86
2019-02-22,14.85,78.5,9.375,0.5,16.892500000000002
2019-02-23,13.350000000000001,73.0,9.925,0.0,17.975
2019-02-24,13.524999999999999,70.5,7.075,0.0,18.11
2019-02-25,13.725,69.5,6.875,0.425,16.18
2019-02-26,13.225000000000001,76.0,9.525,3.0500000000000003,13.6775
2019-02-27,11.8,81.0,6.6,2.875,14.690000000000001
2019-02-28,12.025,74.25,6.65,0.0,17.89
2019-03-01,13.6,67.25,8.4,0.025,17.6175
2019-03-02,13.899999999999999,77.75,8.05,6.175,5.555
2019-03-03,14.575,82.5,7.375,1.25,13.0925
2019-03-04,14.8,83.25,7.375,1.875,16.8775
2019-03-05,14.95,76.75,7.325,0.07500000000000001,17.67
2019-03-06,15.75,68.5,8.075,0.0,19.072499999999998
2019-03-07,16.125,63.75,7.0249999999999995,0.0,19.34
2019-03-08,15.175,71.0,7.75,1.075,11.6
2019-03-09,15.675,68.75,8.9,0.0,20.0475
2019-03-10,16.35,61.75,7.225,0.0,20.5075
2019-03-11,16.1,72.75,12.65,7.25,10.4375
2019-03-12,16.225,70.25,8.375,0.0,20.77
2019-03-13,15.75,71.5,6.125,0.15000000000000002,12.4125
2019-03-14,15.85,73.0,7.225,0.675,16.384999999999998
2019-03-15,16.075,70.25,8.325,0.0,20.9875
2019-03-16,17.075,63.0,7.65,0.0,18.2025
2019-03-17,18.675,57.75,7.275,0.0,20.49
2019-03-18,19.4,59.75,6.4,0.0,19.119999999999997
2019-03-19,20.35,59.25,7.15,0.0,20.375
2019-03-20,20.35,57.75,12.475,0.95,19.6525
2019-03-21,19.875,56.25,7.975,0.0,21.4275
2019-03-22,19.625,51.0,11.45,0.0,22.245
2019-03-23,19.4,55.0,12.65,0.1,19.7875
2019-03-24,19.425,65.75,10.15,0.25,15.6675
2019-03-25,19.675,68.0,7.925000000000001,0.05,16.8075
2019-03-26,20.7,61.75,8.325,0.0,22.5075
2019-03-27,22.725,61.25,6.925,0.0,20.9925
2019-03-28,24.55,60.0,7.125,0.0,21.7625
2019-03-29,25.3,58.5,8.2,0.0,20.8175
2019-03-30,25.0,54.0,9.225,0.0,19.7575
2019-03-31,23.9,42.75,12.825000000000001,0.0,23.5375
2019-04-01,23.55,39.5,11.075,0.0,23.7
2019-04-02,24.0,42.25,6.5,0.0,23.6025
2019-04-03,25.075,45.5,8.025,0.0,23.1125
2019-04-04,26.55,50.0,6.925,0.0,22.91
2019-04-05,26.5,56.75,6.3,0.4,21.182499999999997
2019-04-06,26.225,58.5,8.5,0.15,20.432499999999997
2019-04-07,27.025,49.75,6.9,0.0,22.155
2019-04-08,25.175,58.25,10.875,2.3000000000000003,19.517500000000002
2019-04-09,26.125,52.5,5.8,0.0,23.4975
2019-04-10,27.9,45.25,9.725,0.0,20.7825
2019-04-11,27.45,43.0,9.575,0.0,22.567500000000003
2019-04-12,27.15,45.5,10.725,0.0,20.305
2019-04-13,26.675,51.75,11.1,0.025,19.1225
2019-04-14,27.25,50.0,11.625,0.0,22.435
2019-04-15,28.7,42.75,10.05,0.0,23.1725
2019-04-16,24.325,61.5,13.95,4.425,14.370000000000001
2019-04-17,19.575,84.25,10.85,21.099999999999998,9.865
2019-04-18,20.95,74.75,6.325,1.525,21.535
2019-04-19,23.025,62.5,7.55,0.0,24.1525
2019-04-20,24.9,57.0,5.85,0.0,23.2925
2019-04-21,26.225,54.75,6.675,0.475,22.1625
2019-04-22,27.95,49.25,7.45,0.0,24.1075
2019-04-23,29.25,47.5,7.699999999999999,0.025,22.8625
2019-04-24,29.55,44.75,10.05,0.1,22.285
2019-04-25,28.9,48.25,7.8500000000000005,0.275,20.752499999999998
2019-04-26,29.525,41.75,10.149999999999999,0.0,23.36
2019-04-27,29.525,34.25,12.85,0.0,25.1125
2019-04-28,29.95,31.5,12.399999999999999,0.0,25.065
2019-04-29,30.175,30.0,8.7,0.0,25.095
2019-04-30,30.674999999999997,28.0,12.95,0.0,22.177500000000002
2019-05-01,30.5,29.25,10.6,0.0,22.884999999999998
2019-05-02,29.2,33.75,9.85,0.0,20.005
2019-05-03,28.55,33.75,8.725000000000001,0.0,23.295
2019-05-04,28.475,28.5,10.725,0.0,25.4575
2019-05-05,28.85,28.5,8.75,0.0,24.2825
2019-05-06,30.174999999999997,25.75,8.275,0.0,25.48
2019-05-07,30.225,25.25,8.075,0.0,24.52
2019-05-08,31.625,24.5,7.9,0.0,24.625
2019-05-09,32.275,23.75,9.4,0.0,24.669999999999998
2019-05-10,31.95,26.0,9.975,0.0,20.8
2019-05-11,29.725,37.0,8.075,0.22499999999999998,20.3675
2019-05-12,29.5,40.5,8.45,0.0,22.825
2019-05-13,30.1,39.25,7.575,0.025,19.810000000000002
2019-05-14,28.175,49.0,7.6000000000000005,0.1,22.3425
2019-05-15,28.175,50.5,8.225,0.475,19.97
2019-05-16,27.45,55.25,6.475,0.55,22.0125
2019-05-17,25.525,65.75,7.75,11.125,12.7
2019-05-18,26.95,59.5,9.2,0.3,23.14
2019-05-19,29.45,44.75,7.625,0.0,23.52
2019-05-20,30.325,38.0,9.975,0.0,21.775
2019-05-21,31.2,34.25,8.275,0.0,24.2025
2019-05-22,31.75,33.25,8.2,0.0,22.1225
2019-05-23,30.875,40.0,8.125,0.15,18.1075
2019-05-24,28.375,50.5,7.875,0.175,20.6225
2019-05-25,28.6,48.0,10.325,0.0,23.880000000000003
2019-05-26,30.125,39.5,9.425,0.0,24.302500000000002
2019-05-27,31.125,32.5,9.625,0.0,25.064999999999998
2019-05-28,32.1,24.75,9.7,0.0,25.314999999999998
2019-05-29,33.3,27.0,9.425,0.0,23.8225
2019-05-30,34.125,24.0,7.9,0.0,24.7225
2019-05-31,34.900000000000006,24.0,7.925000000000001,0.0,24.6
2019-06-01,34.8,27.0,9.1,0.0,23.5375
2019-06-02,33.975,36.25,9.95,0.0,23.0675
2019-06-03,33.75,40.5,13.975,0.725,22.665
2019-06-04,33.525,43.0,14.05,0.125,21.6875
2019-06-05,34.75,33.0,7.875,0.0,22.7175
2019-06-06,33.85,26.25,9.575,0.0,21.5725
2019-06-07,32.75,34.0,7.5,0.0,23.807499999999997
2019-06-08,33.75,29.5,8.575,0.0,22.88
2019-06-09,34.6,27.75,7.35,0.0,23.3475
2019-06-10,35.375,27.25,7.15,0.0,24.335
2019-06-11,35.55,26.75,8.925,0.0,22.509999999999998
2019-06-12,34.725,32.5,14.475,0.325,20.105
2019-06-13,34.45,35.25,8.275,0.0,22.6475
2019-06-14,34.225,24.75,9.75,0.0,24.9025
2019-06-15,34.8,26.75,10.4,0.05,21.5775
2019-06-16,32.85,42.5,11.825,0.275,19.675
2019-06-17,31.675,53.5,10.9,0.55,20.725
2019-06-18,28.8,62.75,8.325,2.15,18.3
2019-06-19,31.5,52.75,5.225,0.0,22.932499999999997
2019-06-20,31.450000000000003,50.75,7.85,0.05,20.8325
2019-06-21,31.325,51.75,7.15,0.0,22.075
2019-06-22,33.2,43.0,6.3500000000000005,0.0,23.502499999999998
2019-06-23,33.775,45.75,9.75,0.0,22.255
2019-06-24,30.775,62.5,11.025,2.65,17.4825
2019-06-25,31.325,62.25,6.85,0.525,19.865000000000002
2019-06-26,33.8,47.5,8.875,0.0,22.71
2019-06-27,33.675,43.25,9.1,0.0,22.9575
2019-06-28,34.25,44.25,9.25,0.0,23.06
2019-06-29,34.875,42.5,8.45,0.0,22.8525
2019-06-30,34.349999999999994,43.75,7.15,0.0,22.1275
2019-07-01,34.2,47.0,8.375,0.0,21.9925
2019-07-02,34.475,45.25,6.35,0.0,22.7675
2019-07-03,34.75,48.75,6.95,0.0,21.285
2019-07-04,33.6,57.75,8.75,1.1,19.445
2019-07-05,32.175,65.0,7.475,1.525,20.7425
2019-07-06,31.8,68.5,7.65,3.4,19.947499999999998
2019-07-07,31.325,69.75,5.825,6.4,20.6025
2019-07-08,32.45,65.75,7.525,0.725,21.19
2019-07-09,30.65,74.25,11.025,7.2,18.0925
2019-07-10,30.5,75.75,8.175,1.5750000000000002,17.7125
2019-07-11,31.325000000000003,74.0,8.05,7.375,19.37
2019-07-12,30.400000000000002,76.25,10.125,12.1,18.13
2019-07-13,29.475,75.5,9.175,5.9,15.715
2019-07-14,27.675,82.5,9.325,15.649999999999999,14.1025
2019-07-15,27.65,82.25,8.625,10.65,17.5375
2019-07-16,26.15,87.0,10.575,16.225,12.2675
2019-07-17,26.725,83.25,6.4,8.525,14.8975
2019-07-18,28.225,80.5,6.35,2.775,19.03
2019-07-19,28.325,82.25,6.5,6.8500000000000005,19.2175
2019-07-20,28.925,82.5,6.1499999999999995,9.225,20.2225
2019-07-21,29.4,83.75,7.175,4.7,18.895
2019-07-22,30.025,81.5,5.775,4.4,18.5275
2019-07-23,31.0,77.0,4.65,0.9750000000000001,21.47
2019-07-24,31.75,74.25,6.225,1.975,21.645
2019-07-25,28.025,85.75,11.95,19.875,12.7475
2019-07-26,27.775,86.5,8.6,10.925,13.285
2019-07-27,27.05,89.75,10.25,11.475,10.032499999999999
2019-07-28,28.25,85.5,9.7,5.125,16.21
2019-07-29,29.625,80.25,7.85,0.7,20.3325
2019-07-30,29.525,82.0,7.65,2.325,19.099999999999998
2019-07-31,27.95,84.25,9.975,5.6,12.4875
2019-08-01,28.5,84.0,7.775,6.075,16.685000000000002
2019-08-02,27.025,91.0,5.975,40.05,8.42
2019-08-03,28.1,87.0,6.625,4.25,16.085
2019-08-04,29.35,84.75,4.225,1.575,19.8
2019-08-05,30.125,83.75,4.6,2.5,19.0475
2019-08-06,29.075000000000003,86.25,9.375,4.8,16.805
2019-08-07,29.125,83.0,6.75,1.0750000000000002,17.634999999999998
2019-08-08,30.025,78.75,5.425,0.275,18.415
2019-08-09,28.95,83.0,9.925,5.05,15.357499999999998
2019-08-10,28.85,81.25,12.325,5.1499999999999995,16.5125
2019-08-11,29.725,80.0,6.300000000000001,4.375,19.355
2019-08-12,29.45,85.0,4.875,4.3,15.8575
2019-08-13,29.225,84.5,6.75,9.5,16.5225
2019-08-14,28.625,87.0,7.8,8.725,15.4975
2019-08-15,28.675,86.75,6.125,2.775,15.555
2019-08-16,28.525,84.5,7.35,6.4,17.009999999999998
2019-08-17,26.2,91.75,11.55,52.775,5.6675
2019-08-18,26.725,83.75,8.725,30.075,18.5825
2019-08-19,27.0,84.5,7.449999999999999,22.349999999999998,17.302500000000002
2019-08-20,28.325,79.25,6.550000000000001,0.2,22.91
2019-08-21,29.175,76.75,6.225,0.0,23.0175
2019-08-22,29.4,78.25,5.375,0.3,21.6075
2019-08-23,29.6,80.0,5.0,0.5,21.2675
2019-08-24,29.9,79.25,5.025,2.075,19.259999999999998
2019-08-25,28.75,83.0,10.0,0.7999999999999999,16.634999999999998
2019-08-26,29.0,79.75,6.8999999999999995,0.2,16.72
2019-08-27,29.900000000000002,78.5,4.95,0.275,20.2475
2019-08-28,30.925,76.0,4.6,0.2,20.33
2019-08-29,30.725,78.5,6.375,0.975,18.58
2019-08-30,29.925,80.75,6.7,6.275,18.5225
2019-08-31,30.325,80.5,4.65,3.0500000000000003,18.560000000000002
2019-09-01,28.9,85.0,7.95,8.2,16.23
2019-09-02,29.2,82.0,5.75,1.1,18.6675
2019-09-03,30.3,78.25,4.3,0.15000000000000002,20.1575
2019-09-04,30.3,79.0,7.0,1.2,18.877499999999998
2019-09-05,29.075,82.75,9.25,6.625,17.1875
2019-09-06,29.575,81.0,6.6,1.4000000000000001,19.049999999999997
2019-09-07,29.924999999999997,79.0,7.049999999999999,0.675,19.185000000000002
2019-09-08,29.9,78.5,6.45,0.4,19.14
2019-09-09,30.425,75.75,5.8,0.2,20.2425
2019-09-10,31.025,74.25,5.95,0.175,20.305
2019-09-11,31.7,73.25,7.15,0.025,20.5825
2019-09-12,31.6,73.25,9.5,0.225,19.375
2019-09-13,30.725,74.5,9.175,0.07500000000000001,18.93
2019-09-14,30.25,75.25,7.875,1.95,17.880000000000003
2019-09-15,30.025,74.0,7.074999999999999,0.35,18.855
2019-09-16,29.8,74.0,6.6,0.825,18.8575
2019-09-17,29.725,72.75,7.15,0.9999999999999999,18.384999999999998
2019-09-18,29.1,73.25,10.225,1.25,17.207500000000003
2019-09-19,28.375,72.0,12.325,1.2,16.53
2019-09-20,28.075,72.75,6.925,0.525,18.405
2019-09-21,28.025,73.5,5.15,4.25,18.0425
2019-09-22,28.0,73.25,8.2,1.575,18.2575
2019-09-23,28.0,71.5,6.175,0.2,18.555
2019-09-24,28.575,69.0,5.75,0.2,17.9375
2019-09-25,28.8,72.25,7.25,0.45,17.0075
2019-09-26,28.4,73.25,7.65,1.8,16.377499999999998
2019-09-27,27.425,76.75,7.275,3.1,14.1175
2019-09-28,26.75,78.75,7.625,5.35,15.6625
2019-09-29,25.575,78.0,10.15,1.7750000000000001,13.225
2019-09-30,25.05,81.25,6.55,12.000000000000002,15.1725
2019-10-01,25.175,79.5,7.175,0.875,14.9575
2019-10-02,26.025,75.75,6.025,0.07500000000000001,17.585
2019-10-03,25.575,75.75,6.35,3.175,16.0975
2019-10-04,24.225,76.75,7.1,2.65,14.805
2019-10-05,24.75,69.75,8.55,0.0,18.42
2019-10-06,24.875,68.25,8.075,0.0,14.7775
2019-10-07,25.5,62.0,9.55,0.05,16.705
2019-10-08,24.6,62.5,6.475,0.0,18.185
2019-10-09,24.55,66.5,5.7,0.0,16.4975
2019-10-10,25.125,66.75,5.325,0.0,17.2775
2019-10-11,25.5,65.0,5.9,0.0,16.9875
2019-10-12,25.85,65.0,5.95,0.0,16.6
2019-10-13,25.8,65.75,5.95,0.0,16.5
2019-10-14,26.175,65.5,5.525,0.0,16.495
2019-10-15,26.275,67.25,5.7,0.0,16.4925
2019-10-16,26.125,69.75,5.925,0.0,15.8675
2019-10-17,25.125,72.0,7.3,2.825,14.705
2019-10-18,23.5,73.5,9.225,5.475,12.2425
2019-10-19,24.05,61.0,7.949999999999999,0.0,16.26
2019-10-20,23.375,60.25,7.9,0.0,15.88
2019-10-21,22.775,62.75,7.975,0.0,16.475
2019-10-22,23.225,58.75,9.125,0.0,16.5975
2019-10-23,23.575,61.5,7.125,0.0,15.865
2019-10-24,23.6,63.75,6.5249999999999995,0.0,15.3125
2019-10-25,23.625,65.5,5.425,0.0,15.015
2019-10-26,23.1,68.25,5.775,0.0,15.3725
2019-10-27,23.1,64.0,8.325,0.0,15.67
2019-10-28,23.35,68.75,6.8,0.0,15.2425
2019-10-29,24.025,68.0,5.475,0.0,14.39
2019-10-30,24.05,70.25,6.25,0.0,14.4625
2019-10-31,23.924999999999997,69.5,6.25,0.0,14.71
2019-11-01,23.275,70.0,6.525,0.0,10.33
2019-11-02,22.025,77.0,7.35,0.35000000000000003,8.705
2019-11-03,21.75,76.25,6.85,1.1500000000000001,12.9425
2019-11-04,21.975,68.0,9.025,0.0,14.2475
2019-11-05,22.025,63.0,8.775,0.0,14.5125
2019-11-06,22.25,58.75,9.15,0.47500000000000003,12.337499999999999
2019-11-07,19.425,75.75,13.95,17.15,8.9025
2019-11-08,19.0,74.25,8.775,7.35,12.8775
2019-11-09,18.775,66.5,8.7,0.0,14.2575
2019-11-10,17.925,64.5,7.025,0.0,14.15
2019-11-11,17.975,63.25,6.550000000000001,0.0,10.68
2019-11-12,18.25,69.25,6.65,0.0,11.8725
2019-11-13,18.6,75.0,6.5,0.0,9.545
2019-11-14,18.925,80.75,7.15,1.025,5.672499999999999
2019-11-15,20.075,74.25,8.55,0.75,9.8125
2019-11-16,20.125,71.5,9.725,0.0,11.1775
2019-11-17,19.325,71.0,11.25,0.0,13.192499999999999
2019-11-18,18.125,71.5,8.075,0.0,13.1375
2019-11-19,17.675,69.25,6.75,0.0,12.442499999999999
2019-11-20,17.125,73.0,4.925,0.0,11.59
2019-11-21,16.8,78.0,5.4,0.0,9.215
2019-11-22,17.425,78.25,6.525,0.0,7.3575
2019-11-23,18.65,70.0,8.575,0.025,10.41
2019-11-24,17.925,70.75,6.5,0.0,12.065
2019-11-25,17.325,67.0,5.3,0.0,12.2
2019-11-26,17.35,74.5,6.575,1.2000000000000002,8.4025
2019-11-27,16.925,83.25,6.6499999999999995,9.1,7.8875
2019-11-28,16.925,85.0,8.125,9.95,9.0225
2019-11-29,16.2,83.0,6.575,0.42500000000000004,10.725000000000001
2019-11-30,15.375,80.25,6.725,0.0,11.9875
2019-12-01,15.024999999999999,71.0,7.5,0.0,12.209999999999999
2019-12-02,14.6,69.25,8.075,0.0,12.2625
2019-12-03,14.125,69.5,7.775,0.0,12.432500000000001
2019-12-04,13.75,75.0,5.275,0.0,11.8425
2019-12-05,13.425,79.25,5.8,0.0,12.035
2019-12-06,13.75,81.0,7.025,0.0,11.787500000000001
2019-12-07,14.25,77.75,6.025,0.0,11.855
2019-12-08,14.25,73.0,5.75,0.0,12.03
2019-12-09,13.8,76.0,5.25,0.1,9.5975
2019-12-10,13.225,79.0,6.125,0.0,10.525
2019-12-11,13.6,79.25,5.1,0.0,9.942499999999999
2019-12-12,13.825,87.25,9.675,18.975,3.8375
2019-12-13,13.075,88.0,10.0,26.55,6.455
2019-12-14,12.4,84.5,6.05,0.42500000000000004,8.9
2019-12-15,12.025,84.0,7.574999999999999,0.07500000000000001,11.489999999999998
2019-12-16,11.675,83.0,8.7,0.0,11.59
2019-12-17,11.3,82.5,8.125,0.0,11.684999999999999
2019-12-18,10.5,81.75,6.625,0.0,11.495000000000001
2019-12-19,10.05,88.0,4.55,0.25,9.5775
2019-12-20,11.25,88.0,6.35,1.2,9.085
2019-12-21,11.3,89.0,7.55,0.0,10.8025
2019-12-22,10.8,90.5,8.0,0.0,10.32
2019-12-23,10.025,88.5,6.525,0.0,10.7875
2019-12-24,8.575,91.75,5.075,0.025,8.1
2019-12-25,8.075,90.0,7.375,0.0,8.997499999999999
2019-12-26,7.5,89.0,6.85,0.0,10.0825
2019-12-27,6.0,91.5,4.699999999999999,0.0,9.46
2019-12-28,5.925,91.5,4.575,0.0,8.65
2019-12-29,6.2,90.75,4.825,0.0,9.495000000000001
2019-12-30,5.9,93.0,4.675,0.0,8.41
2019-12-31,6.625,89.0,6.75,0.0,8.932500000000001
2020-01-01,7.699999999999999,86.5,5.825,0.0,10.35
2020-01-02,10.325,84.5,6.975,0.0,9.86
2020-01-03,11.675,82.0,5.8,0.0,11.622499999999999
2020-01-04,11.525,81.0,5.175,0.425,10.98
2020-01-05,11.5,80.75,6.574999999999999,0.725,9.265
2020-01-06,11.15,90.0,7.699999999999999,11.95,1.81
2020-01-07,11.95,93.5,6.5,12.6,3.555
2020-01-08,10.675,88.25,7.3,5.225,8.225000000000001
2020-01-09,8.675,84.5,7.949999999999999,0.0,12.245000000000001
2020-01-10,9.025,78.5,10.35,0.0,12.8975
2020-01-11,10.0,77.25,7.55,0.0,9.315000000000001
2020-01-12,12.05,75.25,6.45,0.025,8.82
2020-01-13,11.825,87.75,10.875,19.075,3.55
2020-01-14,9.8,88.75,6.675000000000001,0.0,10.217500000000001
2020-01-15,9.25,83.0,6.55,0.0,12.925
2020-01-16,9.75,86.25,5.95,0.225,10.2475
2020-01-17,10.725,86.5,4.85,0.175,11.5475
2020-01-18,10.925,85.5,5.625,0.125,10.89
2020-01-19,10.3,88.25,6.75,0.0,12.3275
2020-01-20,11.525,79.25,6.675,0.2,10.5975
2020-01-21,12.15,79.0,7.574999999999999,0.525,12.285
2020-01-22,11.175,77.0,9.45,0.0,13.5275
2020-01-23,10.625,73.25,11.7,0.0,14.0125
2020-01-24,10.625,70.25,10.775,0.0,14.0325
2020-01-25,11.15,79.75,5.3,1.05,9.795
2020-01-26,11.675,82.75,6.075,0.0,13.3725
2020-01-27,11.524999999999999,85.25,7.675,1.65,6.845
2020-01-28,12.575,88.25,12.075,15.35,6.575
2020-01-29,11.975,88.0,8.15,2.4250000000000003,11.5225
2020-01-30,10.8,84.5,8.575,0.0,13.9825
2020-01-31,10.625,81.75,6.875,0.025,14.01
2020-02-01,10.4,82.5,5.95,0.075,13.77
2020-02-02,11.075,81.5,7.975,0.0,14.79
2020-02-03,10.875,80.0,6.875,0.0,14.7625
2020-02-04,10.65,81.5,7.725,0.65,11.5775
2020-02-05,10.425,81.0,8.65,0.0,15.2575
2020-02-06,10.825,75.0,5.95,0.1,15.3175
2020-02-07,11.3,75.75,6.1,0.0,15.4375
2020-02-08,11.95,75.75,7.05,0.0,15.7225
2020-02-09,12.25,76.5,6.15,0.0,15.837499999999999
2020-02-10,12.65,75.25,7.425,0.0,15.8025
2020-02-11,12.975,77.0,6.8,0.0,15.37
2020-02-12,15.025,73.0,10.825,0.0,15.08
2020-02-13,16.775,70.0,12.125,0.0,15.615
2020-02-14,15.850000000000001,67.25,13.275,0.0,16.6675
2020-02-15,15.5,55.5,11.175,0.0,17.055
2020-02-16,15.9,64.25,6.925,0.0,17.035
2020-02-17,15.575,64.25,9.65,0.0,17.4925
2020-02-18,15.525,60.75,9.025,0.0,17.5625
2020-02-19,16.775,64.75,16.225,0.025,13.445
2020-02-20,18.175,70.5,17.95,11.325000000000001,13.175
2020-02-21,15.799999999999999,81.0,11.675,5.1,12.99
2020-02-22,16.35,78.0,7.425,0.0,17.0
2020-02-23,17.025,77.75,7.175,0.05,16.7975
2020-02-24,17.3,73.75,7.05,0.0,17.2575
2020-02-25,17.45,70.75,6.65,0.0,17.3675
2020-02-26,17.975,73.5,5.075,0.0,17.8125
2020-02-27,18.475,78.75,6.95,0.0,16.595
2020-02-28,19.325,78.5,14.35,1.2,15.84
2020-02-29,18.25,80.75,15.35,12.575,12.252500000000001
2020-03-01,17.825,80.0,6.949999999999999,1.2249999999999999,17.1875
2020-03-02,18.225,76.5,5.6,0.1,17.2975
2020-03-03,18.15,72.5,6.925,0.0,19.1575
2020-03-04,18.675,69.5,5.275,0.225,18.375
2020-03-05,16.975,80.0,13.325,7.85,13.67
2020-03-06,15.0,87.25,16.25,27.0,6.862500000000001
2020-03-07,14.4,86.75,12.4,6.5249999999999995,11.835
2020-03-08,15.75,79.75,7.425,0.025,19.6125
2020-03-09,15.55,71.75,11.7,0.0,20.8575
2020-03-10,15.8,70.0,5.675,0.0,20.5025
2020-03-11,15.825,79.5,13.3,16.375,9.275
2020-03-12,16.925,81.0,16.975,14.049999999999999,17.495
2020-03-13,15.875,80.0,12.925,8.05,17.965
2020-03-14,14.075,86.75,7.0,7.825,14.2625
2020-03-15,15.125,81.5,6.425,0.05,19.595
2020-03-16,16.95,76.75,8.325,0.0,18.965
2020-03-17,18.275,74.0,8.725,0.0,21.1875
2020-03-18,19.225,75.75,8.175,0.65,19.255
2020-03-19,19.625,73.5,6.45,0.025,19.9525
2020-03-20,20.175,71.75,6.025,0.375,18.3425
2020-03-21,19.85,75.25,7.125,0.725,17.8425
2020-03-22,20.1,70.0,8.0,0.0,21.4675
2020-03-23,21.075,66.0,5.85,0.0,21.5975
2020-03-24,20.825,72.75,8.975,1.95,14.0075
2020-03-25,20.65,73.25,6.375,0.05,19.13
2020-03-26,21.125,71.0,9.275,0.0,13.4025
2020-03-27,19.0,85.75,11.0,17.925,8.5275
2020-03-28,19.3,76.75,8.325,0.375,20.2175
2020-03-29,19.95,68.5,10.525,0.0,22.4425
2020-03-30,19.9,67.25,9.675,0.0,19.415
2020-03-31,19.925,70.75,11.8,1.225,10.9725
2020-04-01,21.425,63.75,8.85,0.05,22.1825
2020-04-02,20.875,60.0,10.9,0.025,22.57
2020-04-03,20.35,57.0,10.05,0.0,23.502499999999998
2020-04-04,21.575,59.25,8.425,0.0,23.447499999999998
2020-04-05,22.775,59.0,6.375,0.15,21.2625
2020-04-06,23.2,56.5,9.600000000000001,0.0,22.560000000000002
2020-04-07,21.825,60.0,11.025,0.125,18.1175
2020-04-08,21.925,58.5,8.3,0.0,23.5
2020-04-09,23.475,54.25,8.025,0.0,22.2775
2020-04-10,25.025,48.5,9.325,0.0,20.01
2020-04-11,25.875,49.5,8.625,0.0,23.295
2020-04-12,26.55,47.5,9.3,0.0,23.345
2020-04-13,27.575,50.25,8.525,0.0,22.5475
2020-04-14,28.4,50.0,9.35,0.15,21.29
2020-04-15,28.875,44.25,13.0,0.07500000000000001,19.950000000000003
2020-04-16,28.35,40.25,9.45,0.0,20.740000000000002
2020-04-17,25.875,48.25,11.575,1.85,13.2675
2020-04-18,24.375,57.25,10.7,2.65,21.1775
2020-04-19,25.025,53.5,9.225,0.025,22.9
2020-04-20,23.8,57.75,8.825,0.575,16.945
2020-04-21,24.025,55.25,7.550000000000001,0.025,23.1075
2020-04-22,25.6,48.25,6.5,0.0,23.29
2020-04-23,26.975,44.5,6.675,0.0,19.9925
2020-04-24,27.725,42.5,6.45,0.0,22.822499999999998
2020-04-25,27.175,47.5,6.475,0.1,19.54
2020-04-26,25.9,59.25,10.625,2.05,19.052500000000002
2020-04-27,24.25,70.5,14.95,12.674999999999999,17.52
2020-04-28,25.425,62.5,8.525,0.325,21.3425
2020-04-29,27.325,56.25,5.75,0.0,23.54
2020-04-30,28.075,56.0,7.3999999999999995,0.375,21.175
2020-05-01,29.425,51.0,6.45,0.0,23.535
2020-05-02,28.775,57.0,13.600000000000001,0.3,18.759999999999998
2020-05-03,26.975,64.25,12.325,3.775,19.560000000000002
2020-05-04,26.525,64.5,6.275,0.05,21.814999999999998
2020-05-05,27.525,48.0,8.525,0.15,20.317500000000003
2020-05-06,25.875,51.25,9.6,3.175,18.615000000000002
2020-05-07,27.125,46.5,7.75,0.0,24.33
2020-05-08,29.075,39.5,6.8,0.0,23.9125
2020-05-09,29.6,41.75,7.65,0.65,21.0425
2020-05-10,28.925,50.75,12.275,2.5,21.5475
2020-05-11,28.55,54.75,13.675,1.4000000000000001,19.575
2020-05-12,28.85,52.75,6.025,0.0,22.2825
2020-05-13,28.875,52.75,6.0,0.15,18.8675
2020-05-14,28.1,56.25,8.75,0.725,17.5875
2020-05-15,28.875,45.0,11.9,0.0,24.0275
2020-05-16,29.4,43.25,9.100000000000001,0.0,24.43
2020-05-17,30.025,36.0,8.3,0.0,22.572499999999998
2020-05-18,30.05,29.5,9.35,0.0,23.65
2020-05-19,29.05,29.25,9.5,0.0,21.205000000000002
2020-05-20,29.775,30.75,10.774999999999999,0.0,25.3175
2020-05-21,31.225,29.0,11.675,0.0,25.465
2020-05-22,32.675,30.25,5.875,0.0,24.509999999999998
2020-05-23,33.425,31.0,10.875,0.0,22.0875
2020-05-24,33.275,33.25,9.25,0.0,22.9925
2020-05-25,34.2,28.25,9.725,0.0,23.7325
2020-05-26,34.95,27.0,8.975,0.0,23.84
2020-05-27,34.475,27.5,7.875,0.0,23.4625
2020-05-28,32.725,38.75,16.6,0.95,21.175
2020-05-29,29.525,55.5,17.9,1.725,19.1475
2020-05-30,27.075,69.0,12.075,10.3,17.6925
2020-05-31,25.725,73.0,8.6,5.075,16.6475
2020-06-01,26.7,65.75,6.125,1.25,21.697499999999998
2020-06-02,27.925,61.25,5.2,0.3,21.465
2020-06-03,28.6,57.75,5.425,0.025,21.487499999999997
2020-06-04,29.275,54.0,7.125,0.07500000000000001,21.51
2020-06-05,28.45,59.0,6.35,0.525,21.625
2020-06-06,27.7,65.75,9.15,1.525,20.0275
2020-06-07,28.5,61.75,6.25,0.375,21.5475
2020-06-08,30.225,57.5,5.375,0.0,23.41
2020-06-09,31.825000000000003,53.75,6.85,0.0,22.4925
2020-06-10,32.275,54.75,6.475,0.075,20.8075
2020-06-11,32.425,55.5,6.85,0.0,22.387500000000003
2020-06-12,32.825,51.75,8.275,0.075,21.697499999999998
2020-06-13,32.25,53.0,8.3,0.1,21.625
2020-06-14,32.75,51.5,7.475,0.0,22.2175
2020-06-15,33.325,45.0,7.05,0.0,22.740000000000002
2020-06-16,33.575,44.5,8.100000000000001,0.0,22.9125
2020-06-17,33.825,47.0,8.975,0.0,23.362499999999997
2020-06-18,34.575,47.25,8.625,0.0,23.08
2020-06-19,34.175,50.5,9.65,0.025,21.7625
2020-06-20,33.675,53.0,8.425,1.5750000000000002,21.3475
2020-06-21,33.325,53.25,9.375,0.05,21.5975
2020-06-22,31.900000000000002,62.0,9.1,1.7,22.1475
2020-06-23,32.75,58.25,11.350000000000001,0.0,21.755
2020-06-24,31.85,64.25,10.525,0.275,20.3475
2020-06-25,30.675,70.0,6.1,0.725,17.1925
2020-06-26,30.85,68.5,6.575,1.275,20.27
2020-06-27,32.8,63.25,6.425000000000001,0.025,21.5
2020-06-28,33.525,60.75,7.125,0.8,21.575
2020-06-29,32.5,66.25,7.574999999999999,4.5,21.245
2020-06-30,31.950000000000003,66.25,8.5,0.025,22.5925
2020-07-01,32.65,63.25,7.55,0.25,20.9375
2020-07-02,33.975,59.5,6.975,0.0,22.6675
2020-07-03,34.5,59.25,8.700000000000001,0.075,22.455
2020-07-04,32.975,63.5,14.55,8.175,22.5225
2020-07-05,29.15,72.5,10.125,3.725,19.2875
2020-07-06,30.4,66.75,6.325,0.05,21.995
2020-07-07,30.875,68.25,12.05,1.125,20.625
2020-07-08,28.05,80.0,11.725,22.95,11.5275
2020-07-09,29.425,79.0,4.975,11.875,19.8425
2020-07-10,32.15,69.0,5.875,0.025,21.5275
2020-07-11,30.65,73.5,7.425,3.125,19.595
2020-07-12,29.275,78.25,7.35,6.9,20.005
2020-07-13,29.7,75.25,6.0,0.375,23.0425
2020-07-14,31.2,72.0,5.425,0.0,23.497500000000002
2020-07-15,31.0,73.25,10.75,0.125,21.66
2020-07-16,30.575,73.75,11.075,0.675,21.7525
2020-07-17,30.625,76.0,9.05,3.425,19.9925
2020-07-18,30.85,77.75,7.075,7.050000000000001,19.365
2020-07-19,30.725,78.25,6.6,1.0750000000000002,20.7375
2020-07-20,29.775,78.5,6.75,4.375,19.009999999999998
2020-07-21,26.15,87.75,8.95,21.5,7.9975000000000005
2020-07-22,26.625,85.5,4.625,6.5,14.89
2020-07-23,28.675,77.5,4.675000000000001,0.125,22.380000000000003
2020-07-24,29.55,75.25,8.75,0.125,21.57
2020-07-25,29.4,77.0,9.425,0.625,18.0375
2020-07-26,30.05,76.5,6.375,0.225,20.7
2020-07-27,31.0,75.25,5.325,1.1,20.64
2020-07-28,31.724999999999998,72.25,7.0,0.65,21.195
2020-07-29,31.299999999999997,73.0,10.7,3.1,20.1375
2020-07-30,28.675,81.0,10.575,7.15,16.43
2020-07-31,29.475,79.0,6.025,5.325,20.509999999999998
2020-08-01,29.675,81.25,5.375,7.125,19.155
2020-08-02,30.45,78.0,6.375,1.05,20.985
2020-08-03,31.425,76.0,6.625,1.0,20.3625
2020-08-04,31.725,74.5,6.325,0.225,22.560000000000002
2020-08-05,31.5,75.25,7.25,0.025,21.884999999999998
2020-08-06,31.375,73.0,9.425,0.125,17.57
2020-08-07,30.8,71.0,12.775,0.1,15.8625
2020-08-08,31.175,73.75,4.275,0.325,20.995
2020-08-09,30.275,82.25,5.65,10.5,18.125
2020-08-10,29.025,87.0,6.95,9.925,14.15
2020-08-11,29.35,85.75,5.975,13.7,15.5475
2020-08-12,30.325,82.75,6.75,5.65,18.025
2020-08-13,28.8,83.75,11.975,13.475,16.869999999999997
2020-08-14,28.9,80.25,11.3,1.175,17.572499999999998
2020-08-15,29.9,79.5,7.975,0.35,20.9775
2020-08-16,29.925,81.0,8.925,2.675,18.7825
2020-08-17,30.0,82.0,8.825,1.3,16.7925
2020-08-18,29.975,83.75,7.575,10.8,18.005000000000003
2020-08-19,28.65,87.0,8.825,14.899999999999999,15.615
2020-08-20,27.1,87.0,12.55,5.3,12.6575
2020-08-21,26.400000000000002,88.75,10.625,21.825,9.872499999999999
2020-08-22,28.325,79.75,5.3,0.19999999999999998,19.4525
2020-08-23,28.625,80.75,7.550000000000001,0.5,20.0275
2020-08-24,28.95,79.25,10.825,0.35,19.32
2020-08-25,28.9,80.0,10.5,2.2,18.8475
2020-08-26,28.35,84.75,8.325,6.1,16.0275
2020-08-27,28.5,82.5,5.375,2.75,18.22
2020-08-28,27.95,85.5,4.125,10.45,17.7275
2020-08-29,28.35,83.25,3.775,0.7999999999999999,19.9725
2020-08-30,28.55,81.5,9.625,2.15,17.404999999999998
2020-08-31,28.4,78.0,16.55,2.375,18.427500000000002
2020-09-01,28.35,77.5,11.95,0.675,17.7
2020-09-02,28.775,79.75,7.225,0.875,18.945
2020-09-03,28.225,84.75,8.65,9.6,15.455
2020-09-04,28.125,85.75,6.575,3.5999999999999996,15.865
2020-09-05,27.8,86.75,3.925,6.4,14.2525
2020-09-06,27.85,86.75,3.9,8.35,16.62
2020-09-07,28.55,81.0,4.7,0.5750000000000001,19.7575
2020-09-08,29.1,78.25,5.125,0.0,21.0975
2020-09-09,29.5,76.0,5.75,0.0,20.7925
2020-09-10,29.55,75.0,6.35,0.0,20.9625
2020-09-11,29.925,72.25,5.425,0.0,20.8825
2020-09-12,29.75,71.0,5.375,0.0,21.314999999999998
2020-09-13,29.825,70.25,4.675,0.05,20.9375
2020-09-14,29.65,68.75,4.8,0.0,21.189999999999998
2020-09-15,30.325,67.75,5.675,0.0,20.7575
2020-09-16,31.325,65.25,7.5,0.0,18.6875
2020-09-17,31.1,64.0,7.525,0.0,20.1575
2020-09-18,30.95,64.25,6.35,0.0,20.545
2020-09-19,30.325,65.25,4.925,0.0,20.585
2020-09-20,29.9,63.25,6.8,0.0,20.965
2020-09-21,30.025000000000002,60.5,6.2,0.0,20.62
2020-09-22,29.8,66.0,5.7,0.325,18.32
2020-09-23,29.575,71.0,5.7,0.625,18.01
2020-09-24,29.85,66.75,7.05,0.07500000000000001,18.927500000000002
2020-09-25,29.525,61.75,6.925,0.0,18.7725
2020-09-26,28.075,61.25,6.65,0.05,17.205
2020-09-27,28.025,59.0,6.1,0.0,19.92
2020-09-28,27.75,59.75,6.575,0.0,19.5625
2020-09-29,27.325,59.75,7.3,0.0,18.96
2020-09-30,27.0,58.0,8.65,0.0,19.857499999999998
2020-10-01,27.325,56.75,6.8500000000000005,0.0,19.715
2020-10-02,27.075,55.0,7.525,0.0,19.564999999999998
2020-10-03,26.475,51.0,6.575,0.0,19.6475
2020-10-04,26.45,50.25,7.125,0.0,19.4675
2020-10-05,26.475,52.25,8.55,0.0,19.36
2020-10-06,26.7,53.25,6.7749999999999995,0.0,19.2325
2020-10-07,26.475,53.75,6.5,0.0,18.9175
2020-10-08,26.575,51.25,6.3,0.0,18.69
2020-10-09,26.775,52.75,6.225,0.0,18.387500000000003
2020-10-10,26.875,53.0,7.25,0.0,18.25
2020-10-11,26.75,50.5,7.1,0.0,18.3225
2020-10-12,26.4,50.0,5.375,0.0,18.1825
2020-10-13,26.725,54.75,7.275,0.0,17.2475
2020-10-14,26.475,51.25,6.625,0.0,17.3425
2020-10-15,25.6,40.25,7.225,0.0,17.905
2020-10-16,25.325,41.5,5.9,0.0,17.630000000000003
2020-10-17,25.3,42.5,6.325,0.0,17.4075
2020-10-18,24.75,41.0,8.25,0.0,17.4975
2020-10-19,24.575,40.5,7.825,0.0,17.405
2020-10-20,24.425,40.25,6.575,0.0,17.18
2020-10-21,24.425,37.25,7.575,0.0,15.57
2020-10-22,24.125,39.25,6.8,0.0,16.2825
2020-10-23,23.85,41.5,5.375,0.0,16.6
2020-10-24,23.9,44.25,5.95,0.0,16.3025
2020-10-25,23.9,41.5,7.475,0.0,15.785
2020-10-26,23.55,37.5,7.85,0.0,16.0825
2020-10-27,22.175,43.75,7.825,0.0,16.2325
2020-10-28,21.825,45.0,6.525,0.0,16.1225
2020-10-29,21.975,43.0,5.975,0.0,15.81
2020-10-30,22.0,44.25,8.8,0.0,15.700000000000001
2020-10-31,21.425,42.25,9.75,0.0,15.817499999999999
2020-11-01,20.975,38.0,8.5,0.0,15.575
2020-11-02,21.1,35.5,7.275,0.0,15.2925
2020-11-03,21.2,41.25,6.25,0.0,15.120000000000001
2020-11-04,21.575,47.5,7.675,0.0,14.8775
2020-11-05,21.55,43.5,6.65,0.0,14.9525
2020-11-06,21.175,42.75,8.15,0.0,14.935
2020-11-07,20.925,45.25,8.3,0.0,14.7925
2020-11-08,20.2,49.5,5.9,0.0,14.5325
2020-11-09,20.0,51.75,5.8,0.0,14.39
2020-11-10,20.2,54.25,5.775,0.0,13.8225
2020-11-11,20.175,58.5,4.85,0.0,13.9225
2020-11-12,20.125,55.0,5.2,0.0,13.2375
2020-11-13,19.424999999999997,55.75,6.9,0.0,13.842500000000001
2020-11-14,18.925,60.5,5.15,0.0,11.7125
2020-11-15,18.0,70.75,12.475,11.85,7.4125
2020-11-16,17.175,78.5,8.8,3.5749999999999997,9.3775
2020-11-17,16.85,72.0,7.7,0.0,13.185
2020-11-18,15.725000000000001,62.25,6.325,0.0,13.515
2020-11-19,15.525,57.5,5.175,0.0,13.3725
2020-11-20,15.625,57.0,10.25,0.0,13.27
2020-11-21,14.524999999999999,54.5,10.275,0.0,13.3975
2020-11-22,14.375,58.5,7.425,0.0,11.32
2020-11-23,15.0,62.5,5.800000000000001,0.0,8.4125
2020-11-24,15.850000000000001,68.5,5.75,0.175,8.182500000000001
2020-11-25,14.7,77.5,7.875,2.375,5.2875
2020-11-26,15.399999999999999,75.25,7.35,2.8,11.8
2020-11-27,15.975,66.75,10.525,0.0,12.635000000000002
2020-11-28,14.925,64.25,9.3,0.0,12.7925
2020-11-29,15.175,64.75,5.125,0.0,11.3875
2020-11-30,15.275,70.25,7.225,0.0,12.3275
2020-12-01,16.375,69.5,6.625,0.0,12.2575
2020-12-02,16.8,70.25,8.375,0.0,12.2475
2020-12-03,16.85,72.0,5.8,0.0,12.190000000000001
2020-12-04,16.75,76.5,7.5,0.0,11.9475
2020-12-05,17.9,71.5,9.8,0.0,11.290000000000001
2020-12-06,18.05,74.25,6.3,0.0,11.7975
2020-12-07,17.425,73.5,7.5,0.0,11.7225
2020-12-08,16.925,72.5,5.824999999999999,0.0,11.415
2020-12-09,16.175,73.0,8.225,0.225,9.254999999999999
2020-12-10,16.825,73.25,7.65,0.025,11.585
2020-12-11,16.575,72.75,6.7,0.575,9.785
2020-12-12,15.175,78.25,7.324999999999999,8.175,10.75
2020-12-13,12.625,78.75,7.9,0.0,11.7975
2020-12-14,11.325,79.25,7.5,0.0,11.98
2020-12-15,10.275,78.25,7.45,0.0,12.1025
2020-12-16,9.95,78.0,8.4,0.0,12.0025
2020-12-17,9.125,72.5,9.7,0.0,12.307500000000001
2020-12-18,9.25,67.75,9.75,0.0,12.3025
2020-12-19,10.15,71.0,9.125,0.0,12.185
2020-12-20,11.725,70.75,9.125,0.0,11.8725
2020-12-21,12.425,72.75,7.35,0.0,11.4075
2020-12-22,12.625,74.0,6.5,0.0,11.9925
2020-12-23,12.375,76.25,5.925,0.0,11.9625
2020-12-24,12.375,76.25,5.4,0.0,11.6675
2020-12-25,11.775,77.25,6.574999999999999,0.0,11.6975
2020-12-26,10.675,83.25,5.925,0.0,11.105
2020-12-27,10.575,82.25,10.3,2.425,10.0225
2020-12-28,9.15,71.0,6.85,0.05,12.0125
2020-12-29,8.35,79.25,8.55,0.0,12.2225
2020-12-30,8.525,80.75,7.475,0.0,12.275
2020-12-31,8.4,85.25,6.775,0.0,10.02
2021-01-01,8.425,85.25,4.800000000000001,0.0,11.094999999999999
2021-01-02,10.325,86.5,6.925000000000001,1.75,6.91
2021-01-03,13.95,87.25,10.75,9.075,6.37
2021-01-04,15.45,90.5,9.85,5.125,5.875
2021-01-05,15.375,89.0,12.024999999999999,17.075000000000003,3.8825000000000003
2021-01-06,14.9,88.0,7.0249999999999995,8.175,8.675
2021-01-07,13.4,88.5,6.05,0.0,9.645
2021-01-08,12.2,83.75,4.65,0.0,11.592500000000001
2021-01-09,11.775,84.25,8.05,0.0,11.605
2021-01-10,9.825,87.75,8.15,0.0,11.5875
2021-01-11,10.25,84.25,7.625,0.0,12.695
2021-01-12,9.375,89.25,7.175,0.0,10.41
2021-01-13,9.275,87.0,5.7,0.0,11.450000000000001
2021-01-14,8.85,90.25,4.925,0.0,10.0725
2021-01-15,9.8,90.25,3.7249999999999996,0.0,11.48
2021-01-16,8.775,93.75,5.875,0.0,8.5875
2021-01-17,9.8,89.0,8.95,0.025,10.015
2021-01-18,12.4,87.25,8.225000000000001,0.0,12.065
2021-01-19,12.774999999999999,86.0,8.0,0.0,12.9425
2021-01-20,12.375,85.5,8.8,0.0,13.575
2021-01-21,11.675,81.0,8.8,0.0,14.02
2021-01-22,11.775,82.75,10.175,0.0,12.6425
2021-01-23,13.225,83.25,13.575,2.375,10.8
2021-01-24,11.425,86.75,7.15,0.075,11.875
2021-01-25,11.350000000000001,76.75,7.65,0.0,14.19
2021-01-26,10.525,78.0,8.55,0.0,14.4025
2021-01-27,10.675,76.25,9.0,0.0,14.7375
2021-01-28,11.025,75.25,6.25,0.0,14.6975
2021-01-29,10.425,78.25,9.4,0.0,14.845
2021-01-30,10.825,74.0,8.175,0.0,15.045
2021-01-31,11.95,73.75,5.5,0.0,14.91
2021-02-01,12.725,76.5,6.975,0.0,14.9025
2021-02-02,13.65,75.25,6.275,0.0,15.059999999999999
2021-02-03,14.375,79.0,10.825,2.675,12.7225
2021-02-04,12.725,81.5,10.0,5.275,10.8325
2021-02-05,11.875,80.5,6.175,0.0,14.635
2021-02-06,12.825,76.75,8.625,0.0,15.5625
2021-02-07,13.7,75.5,7.8999999999999995,0.0,15.67
2021-02-08,14.575000000000001,77.25,6.325,0.0,15.747499999999999
2021-02-09,15.825000000000001,75.75,6.45,0.0,15.525
2021-02-10,15.55,78.75,6.6,0.0,15.9775
2021-02-11,15.575,82.0,6.075,0.0,15.905000000000001
2021-02-12,15.825000000000001,82.75,5.725,0.0,14.78
2021-02-13,15.875,84.75,5.525,0.0,13.5775
2021-02-14,15.925,84.0,5.9,0.0,15.1575
2021-02-15,15.775,85.0,5.075,0.0,14.7225
2021-02-16,16.175,84.75,5.625,0.0,15.607499999999998
2021-02-17,16.325,85.0,5.65,0.0,15.26
2021-02-18,16.45,84.25,5.5,0.0,15.575
2021-02-19,16.825,82.5,5.475,0.0,16.1925
2021-02-20,16.825,78.75,6.4,0.0,16.67
2021-02-21,17.65,77.25,7.3500000000000005,0.0,17.065
2021-02-22,19.0,73.25,6.625,0.0,17.3375
2021-02-23,19.625,71.5,6.6,0.0,17.05
2021-02-24,19.65,71.0,6.6000000000000005,0.0,17.82
2021-02-25,20.5,66.25,7.050000000000001,0.0,18.1875
2021-02-26,21.675,65.25,6.75,0.0,17.915
2021-02-27,20.925,55.5,11.575,0.0,18.369999999999997
2021-02-28,18.05,58.0,6.6,0.0,19.11
2021-03-01,18.2,60.0,8.625,0.0,19.075
2021-03-02,18.375,53.0,11.25,0.0,19.555
2021-03-03,19.45,54.5,7.9750000000000005,0.0,19.4675
2021-03-04,20.025,57.25,6.975,0.0,19.2225
2021-03-05,20.225,56.75,10.775,0.0,19.85
2021-03-06,20.174999999999997,52.75,8.9,0.0,18.765
2021-03-07,23.075000000000003,45.5,14.275,0.075,17.4575
2021-03-08,22.6,56.0,14.35,0.575,19.2875
2021-03-09,22.5,59.0,7.025,0.05,18.0675
2021-03-10,22.25,58.75,6.125,0.0,18.48
2021-03-11,22.225,55.75,7.949999999999999,0.05,18.8175
2021-03-12,21.15,54.25,13.0,0.125,14.58
2021-03-13,20.55,54.75,8.625,0.0,20.015
2021-03-14,20.7,62.25,8.3,0.0,20.9625
2021-03-15,21.65,61.25,9.25,0.0,19.7325
2021-03-16,22.4,59.5,8.35,0.0,20.9025
2021-03-17,22.725,55.75,8.450000000000001,0.0,20.075
2021-03-18,23.075,56.25,7.8999999999999995,0.0,20.905
2021-03-19,23.3,51.25,9.175,0.0,20.6475
2021-03-20,23.125,51.0,9.0,0.0,21.5225
2021-03-21,22.45,58.25,9.575,0.15000000000000002,16.3
2021-03-22,23.175,51.75,14.35,0.6,14.405000000000001
2021-03-23,21.925,56.25,14.075,2.2,16.1375
2021-03-24,21.45,52.0,9.175,0.175,20.3675
2021-03-25,21.1,55.75,10.625,0.0,22.5925
2021-03-26,21.725,58.0,8.649999999999999,0.0,22.6125
2021-03-27,23.45,56.75,7.875,0.0,22.105
2021-03-28,25.675,53.0,7.425,0.0,22.4125
2021-03-29,27.75,42.75,13.25,0.025,22.615000000000002
2021-03-30,26.4,43.0,11.375,0.0,22.595
2021-03-31,24.225,23.75,15.025,0.0,24.3375
2021-04-01,23.3,19.25,15.9,0.0,24.572499999999998
2021-04-02,22.175,19.0,11.125,0.0,24.634999999999998
2021-04-03,22.875,26.25,8.375,0.0,24.2025
2021-04-04,24.825,29.5,9.8,0.0,21.427500000000002
2021-04-05,26.45,33.0,11.975,0.0,16.825
2021-04-06,25.9,36.75,12.625,0.325,13.692499999999999
2021-04-07,24.525,49.0,10.425,1.4749999999999999,23.31
2021-04-08,24.05,34.25,10.45,0.0,24.665
2021-04-09,25.0,31.25,10.35,0.0,24.465
2021-04-10,26.1,27.0,9.4,0.0,24.5775
2021-04-11,27.125,27.0,9.0,0.0,22.427500000000002
2021-04-12,27.95,26.75,9.95,0.0,22.9675
2021-04-13,28.55,30.0,10.125,0.0,23.1975
2021-04-14,28.799999999999997,28.75,10.575,0.025,18.61
2021-04-15,28.625,28.75,11.725,0.0,20.357499999999998
2021-04-16,27.225,36.25,11.375,1.05,18.55
2021-04-17,22.9,66.25,10.25,15.0,16.7125
2021-04-18,24.975,50.0,8.125,0.0,22.7525
2021-04-19,26.55,37.75,10.75,0.0,24.2375
2021-04-20,23.9,44.0,10.075,1.55,12.55
2021-04-21,20.95,69.75,9.125,7.2250000000000005,17.9
2021-04-22,22.275,61.5,13.225,0.8,18.3625
2021-04-23,21.2,60.25,13.975000000000001,2.3000000000000003,19.9825
2021-04-24,23.05,49.25,9.325,0.0,25.322499999999998
2021-04-25,25.85,40.0,9.2,0.0,25.55
2021-04-26,28.225,37.5,7.4,0.0,25.135
2021-04-27,30.025,34.25,8.675,0.0,23.6525
2021-04-28,31.049999999999997,28.75,8.8,0.0,22.36
2021-04-29,31.15,29.25,8.925,0.0,21.560000000000002
2021-04-30,30.525,32.5,9.0,0.0,21.02
2021-05-01,30.55,32.25,7.6,0.075,19.41
2021-05-02,31.225,30.75,7.875,0.0,21.7175
2021-05-03,30.5,34.75,7.125,0.05,21.1225
2021-05-04,30.425,39.75,9.575,0.42500000000000004,19.3875
2021-05-05,29.35,45.0,8.575,0.625,20.75
2021-05-06,29.3,42.75,9.0,0.7,19.6675
2021-05-07,27.525,52.5,8.05,0.8,20.224999999999998
2021-05-08,29.05,42.5,7.225,0.0,21.4675
2021-05-09,29.475,40.5,8.475,0.175,20.67
2021-05-10,30.099999999999998,40.5,9.375,0.2,20.1375
2021-05-11,29.65,45.5,10.275,0.825,20.905
2021-05-12,28.1,50.75,7.55,2.45,18.6025
2021-05-13,25.625,63.0,10.5,1.85,18.2525
2021-05-14,26.775,54.75,7.775,0.05,21.825
2021-05-15,28.55,43.0,7.6,0.0,21.4075
2021-05-16,30.1,36.5,7.525,0.0,23.8975
2021-05-17,31.325,30.75,9.15,0.0,24.035
2021-05-18,30.25,37.0,10.75,0.0,15.645
2021-05-19,26.175,56.25,8.075,0.125,9.9075
2021-05-20,28.25,54.25,8.4,0.05,22.72
2021-05-21,28.6,54.75,10.65,0.7,21.6525
2021-05-22,29.85,46.5,7.65,0.025,23.2925
2021-05-23,28.849999999999998,39.0,8.525,0.0,17.6575
2021-05-24,29.4,36.5,11.675,0.0,24.695
2021-05-25,30.75,29.25,11.525,0.0,25.2075
2021-05-26,31.725,25.75,9.225,0.0,25.33
2021-05-27,32.875,26.75,8.325000000000001,0.0,25.2175
2021-05-28,33.55,38.5,10.7,0.0,24.134999999999998
2021-05-29,34.175,42.25,13.975000000000001,0.025,22.905
2021-05-30,32.875,50.25,12.9,0.025,22.94
2021-05-31,31.575,50.25,12.75,2.225,20.7725
2021-06-01,28.85,57.25,9.075,1.925,17.134999999999998
2021-06-02,29.799999999999997,55.5,6.025,1.0,20.9675
2021-06-03,29.475,56.5,6.6,0.47500000000000003,21.1925
2021-06-04,28.825,58.75,6.625,2.025,20.5125
2021-06-05,29.25,59.5,6.325,1.35,20.8325
2021-06-06,31.225,53.25,5.2,0.0,22.3525
2021-06-07,33.275000000000006,45.75,7.425,0.0,21.595
2021-06-08,35.175000000000004,40.75,9.45,0.0,23.705
2021-06-09,36.325,39.5,8.225,0.0,22.23
2021-06-10,34.675,50.0,13.45,0.05,22.5275
2021-06-11,33.55,53.5,12.725,0.125,22.9
2021-06-12,33.35,54.5,15.425,0.275,21.43
2021-06-13,30.2,62.25,11.275,6.2,21.377499999999998
2021-06-14,30.95,57.0,7.325,0.0,23.45
2021-06-15,31.5,55.5,6.65,0.4,21.79
2021-06-16,27.15,73.25,7.925000000000001,12.0,12.5875
2021-06-17,29.625,62.75,6.275,0.1,22.895
2021-06-18,30.475,61.25,8.9,1.9,18.725
2021-06-19,31.025,57.5,9.025,0.0,22.195
2021-06-20,30.85,58.0,9.6,0.0,22.57
2021-06-21,31.4,57.25,6.975,0.0,21.8975
2021-06-22,32.8,47.25,7.225,0.0,23.745
2021-06-23,33.525,42.75,6.725,0.0,22.9425
2021-06-24,31.95,53.25,9.675,2.425,21.485
2021-06-25,32.15,51.0,7.25,0.075,22.009999999999998
2021-06-26,31.3,54.75,8.25,0.05,22.015
2021-06-27,31.975,52.75,5.8,0.0,23.5875
2021-06-28,33.449999999999996,47.25,6.5,0.0,23.895
2021-06-29,34.55,39.75,9.125,0.0,23.5375
2021-06-30,35.325,37.75,10.75,0.0,24.225
2021-07-01,35.2,42.5,9.925,0.0,23.5325
2021-07-02,34.2,48.75,8.075,0.05,21.85
2021-07-03,32.375,55.25,6.550000000000001,0.425,21.42
2021-07-04,33.25,54.75,5.4,0.15,22.6375
2021-07-05,33.2,54.5,5.875,0.05,22.21
2021-07-06,34.125,51.25,6.6,0.0,22.18
2021-07-07,34.775,47.0,7.1,0.0,22.345
2021-07-08,34.099999999999994,49.5,7.775,0.1,21.854999999999997
2021-07-09,32.95,59.25,11.1,0.05,21.475
2021-07-10,32.925,61.25,8.075,0.6749999999999999,20.295
2021-07-11,32.525,64.75,12.5,2.5749999999999997,19.9225
2021-07-12,29.8,74.25,16.475,11.275,16.560000000000002
2021-07-13,28.775,79.25,11.275,8.8,17.759999999999998
2021-07-14,29.175,76.75,8.25,2.35,18.5225
2021-07-15,29.75,75.75,7.15,0.325,20.6625
2021-07-16,30.9,75.25,7.65,0.325,20.8275
2021-07-17,32.15,71.0,5.85,0.25,20.975
2021-07-18,32.125,72.5,11.0,2.55,20.817500000000003
2021-07-19,27.95,85.5,15.875,9.825,11.8375
2021-07-20,27.825,85.5,8.95,6.975,14.1725
2021-07-21,28.575,83.25,5.7,5.3,17.9675
2021-07-22,28.675,82.25,8.8,4.3500000000000005,17.9675
2021-07-23,28.325,83.0,9.05,3.075,11.682500000000001
2021-07-24,30.5,79.0,5.625,0.925,20.31
2021-07-25,31.325,78.0,5.975,0.575,19.8025
2021-07-26,29.975,83.5,10.375,2.925,12.615
2021-07-27,28.85,87.5,8.175,15.05,13.0275
2021-07-28,26.6,94.25,7.95,61.75,4.23
2021-07-29,26.65,90.0,7.574999999999999,12.375,10.7175
2021-07-30,27.225,88.5,9.1,10.925,11.73
2021-07-31,28.375,83.75,8.2,0.95,15.6525
2021-08-01,28.95,85.0,4.225,3.95,19.165
2021-08-02,29.1,86.25,5.7,1.7750000000000001,18.825
2021-08-03,29.275,84.0,5.425,3.625,19.4725
2021-08-04,29.3,82.75,6.199999999999999,2.4,19.36
2021-08-05,29.05,84.75,6.9,3.375,18.725
2021-08-06,29.025,83.75,5.6,0.65,18.990000000000002
2021-08-07,29.575,81.5,3.775,0.125,21.275
2021-08-08,29.549999999999997,83.25,6.275,1.625,18.994999999999997
2021-08-09,29.45,83.0,5.875,0.575,19.615000000000002
2021-08-10,30.075,79.0,6.275,0.6,20.1875
2021-08-11,30.35,74.25,7.475,0.025,22.6675
2021-08-12,30.525,75.0,5.949999999999999,0.05,21.634999999999998
2021-08-13,30.575,75.25,7.4,0.22499999999999998,21.325
2021-08-14,29.9,77.25,6.4,1.6,20.6125
2021-08-15,29.475,76.25,6.925000000000001,2.75,20.57
2021-08-16,30.0,73.0,5.9,0.2,21.6525
2021-08-17,30.425,72.5,6.175,0.0,23.3525
2021-08-18,30.700000000000003,69.25,5.75,0.05,22.365
2021-08-19,30.975,69.75,5.825,0.125,21.64
2021-08-20,29.625,78.0,11.25,2.4499999999999997,16.2
2021-08-21,26.575,86.25,9.95,39.025,7.0675
2021-08-22,26.975,88.75,7.725,9.925,12.77
2021-08-23,27.975,86.25,3.9,3.9,17.9825
2021-08-24,29.65,81.25,4.575,0.2,20.73
2021-08-25,30.5,76.5,7.7,0.125,22.1225
2021-08-26,30.15,73.0,7.675000000000001,0.05,22.1075
2021-08-27,30.05,73.0,7.7,0.0,22.61
2021-08-28,29.55,75.75,7.5,0.375,20.9025
2021-08-29,29.275,77.5,8.3,0.95,20.25
2021-08-30,28.575,78.0,9.25,0.95,17.9025
2021-08-31,28.35,77.75,8.9,2.05,19.2175
2021-09-01,27.55,82.0,7.199999999999999,2.825,17.1375
2021-09-02,27.85,81.75,4.4,0.925,16.8
2021-09-03,27.775,82.5,4.7,5.2,15.14
2021-09-04,27.725,84.0,4.025,2.75,18.0825
2021-09-05,28.700000000000003,81.0,4.95,0.32499999999999996,19.6025
2021-09-06,29.65,79.25,5.2,0.24999999999999997,18.9875
2021-09-07,28.95,82.25,10.025,2.65,16.695
2021-09-08,28.65,77.75,11.2,2.3,16.044999999999998
2021-09-09,28.325,79.5,8.575,1.475,17.44
2021-09-10,27.575000000000003,83.5,10.0,11.875,14.7425
2021-09-11,26.375,86.75,10.95,11.45,9.695
2021-09-12,25.75,85.0,9.0,9.325,11.3925
2021-09-13,27.35,79.0,5.075,0.47500000000000003,16.745
2021-09-14,28.025,80.0,6.85,0.8500000000000001,15.8475
2021-09-15,29.0,72.5,7.8500000000000005,0.0,19.09
2021-09-16,29.0,75.5,8.175,0.525,19.8575
2021-09-17,27.225,80.25,7.625,2.45,16.52
2021-09-18,28.175,77.5,4.475,0.30000000000000004,18.0575
2021-09-19,28.95,76.75,4.2,0.75,17.3475
2021-09-20,29.2,79.5,4.95,1.075,17.0225
2021-09-21,27.925,83.25,7.324999999999999,12.1,14.4125
2021-09-22,26.45,88.25,8.025,8.375,12.725
2021-09-23,25.425,89.0,8.899999999999999,14.649999999999999,11.9175
2021-09-24,26.55,82.0,5.125,0.05,18.4025
2021-09-25,27.3,80.0,4.65,0.075,18.6675
2021-09-26,27.7,81.25,4.125,0.2,17.4
2021-09-27,28.375,78.5,4.675,0.05,18.445
2021-09-28,28.7,77.0,5.475,0.1,17.615
2021-09-29,28.725,75.0,6.375,0.05,17.59
2021-09-30,28.275,79.25,5.4,0.125,16.825
2021-10-01,28.275,81.25,5.25,0.625,16.55
2021-10-02,28.275,79.5,5.1499999999999995,0.8,16.564999999999998
2021-10-03,28.7,76.25,5.85,0.125,16.6125
2021-10-04,28.325000000000003,74.25,5.7,1.7750000000000001,14.99
2021-10-05,27.675,77.0,5.6,1.175,15.365
2021-10-06,27.85,72.0,6.175,0.0,18.39
2021-10-07,27.2,69.5,6.7,0.0,18.4825
2021-10-08,27.9,67.75,6.0,0.0,18.2675
2021-10-09,27.95,66.75,5.925,0.0,18.1225
2021-10-10,27.95,65.75,7.75,0.0,17.79
2021-10-11,27.775,59.0,9.4,0.0,17.71
2021-10-12,26.675,60.75,7.074999999999999,0.0,17.392500000000002
2021-10-13,25.225,59.0,7.775,0.0,16.9125
2021-10-14,24.9,59.75,8.375,0.0,16.795
2021-10-15,25.225,56.75,7.425,0.0,16.645
2021-10-16,26.175,55.5,4.8,0.0,16.0875
2021-10-17,24.15,75.0,10.95,10.925,8.9175
2021-10-18,22.474999999999998,83.25,6.775,3.625,7.2825
2021-10-19,24.0,72.5,7.975,0.0,15.585
2021-10-20,24.15,65.75,5.9,0.0,15.81
2021-10-21,23.675,59.75,7.275,0.0,15.8925
2021-10-22,23.799999999999997,56.5,9.175,0.0,15.4875
2021-10-23,22.975,67.25,16.15,18.675,12.1325
2021-10-24,19.4,84.75,11.325,24.674999999999997,8.87
2021-10-25,19.8,76.25,7.375,0.0,14.66
2021-10-26,19.674999999999997,68.75,7.550000000000001,0.0,14.995000000000001
2021-10-27,19.825,67.75,7.675,0.0,14.65
2021-10-28,19.674999999999997,68.75,8.05,0.0,14.635
2021-10-29,19.875,68.75,6.8,0.0,14.5825
2021-10-30,20.0,67.0,9.2,0.0,14.415
2021-10-31,20.225,63.25,6.625,0.0,14.49
2021-11-01,20.125,66.0,10.025,0.0,14.08
2021-11-02,20.65,61.25,14.325,0.575,12.55
2021-11-03,20.1,63.5,7.4,0.0,13.5625
2021-11-04,19.425,66.25,5.975,0.0,13.72
2021-11-05,19.35,66.5,6.225,0.0,13.620000000000001
2021-11-06,19.4,65.75,9.125,0.0,13.4
2021-11-07,18.775,67.5,8.375,0.0,13.4975
2021-11-08,19.224999999999998,67.75,7.95,0.0,13.235
2021-11-09,19.1,67.0,6.875,0.0,13.2125
2021-11-10,19.425,69.75,5.825,0.0,13.0775
2021-11-11,19.25,71.25,6.175,0.0,12.9475
2021-11-12,19.025,69.25,6.425,0.0,12.8675
2021-11-13,18.375,64.5,6.975,0.0,12.962499999999999
2021-11-14,18.0,62.0,5.95,0.0,12.765
2021-11-15,17.75,63.0,6.2,0.0,12.65
2021-11-16,16.9,63.0,7.4750000000000005,0.0,12.7275
2021-11-17,16.375,67.0,6.175,0.0,12.532499999999999
2021-11-18,16.325,69.25,5.95,0.0,12.415
2021-11-19,16.375,69.5,6.825,0.0,12.36
2021-11-20,16.425,68.75,6.5,0.0,12.34
2021-11-21,16.6,67.0,8.425,0.0,12.25
2021-11-22,16.400000000000002,61.0,9.5,0.0,12.3425
2021-11-23,15.899999999999999,67.0,7.525,0.0,12.215
2021-11-24,16.325,69.0,7.8,0.0,11.92
2021-11-25,16.675,72.0,7.35,0.0,11.58
2021-11-26,16.45,73.0,5.5,0.0,11.665
2021-11-27,16.225,74.5,6.45,0.0,11.5625
2021-11-28,16.325,72.5,6.975,0.0,11.455
2021-11-29,16.35,71.0,8.725,0.0,11.5
2021-11-30,16.125,71.0,8.225,0.0,11.5525
2021-12-01,15.575,76.25,4.6,0.0,8.03
2021-12-02,15.65,78.75,5.8,0.375,5.1225000000000005
2021-12-03,16.35,77.0,5.025,0.225,10.455
2021-12-04,17.225,75.5,4.625,0.0,10.875
2021-12-05,16.35,80.0,6.775,5.075,10.105
2021-12-06,15.5,80.25,6.175,0.0,10.782499999999999
2021-12-07,14.7,75.25,8.2,0.0,11.17
2021-12-08,14.625,71.75,7.550000000000001,0.0,11.2725
2021-12-09,14.425,71.5,5.825,0.0,11.0775
2021-12-10,14.1,71.5,7.8,0.0,11.1525
2021-12-11,13.5,70.75,7.574999999999999,0.0,11.415000000000001
2021-12-12,13.575,71.0,5.025,0.0,10.295
2021-12-13,13.175,72.75,4.775,0.0,10.875
2021-12-14,12.825,69.5,4.825,0.0,10.9525
2021-12-15,11.8,72.25,7.025,0.0,11.3025
2021-12-16,10.525,72.25,6.625,0.0,10.96
2021-12-17,9.6,76.0,9.399999999999999,0.0,11.205
2021-12-18,9.275,75.0,9.775,0.0,11.26
2021-12-19,9.375,73.25,8.025,0.0,11.442499999999999
2021-12-20,9.85,74.5,7.0249999999999995,0.275,11.01
2021-12-21,11.075,77.75,5.8,0.0,11.094999999999999
2021-12-22,11.6,78.25,5.45,0.0,11.05
2021-12-23,12.475,79.25,6.4,0.5,10.15
2021-12-24,12.35,79.25,5.675,0.0,10.8775
2021-12-25,12.7,80.5,4.35,0.0,10.245000000000001
2021-12-26,11.975,87.25,6.225,1.2,5.73
2021-12-27,11.775,85.0,6.1,0.0,10.905000000000001
2021-12-28,11.6,80.5,7.5249999999999995,0.0,11.030000000000001
2021-12-29,10.475,75.5,7.775,0.0,11.495
2021-12-30,11.0,74.75,5.175,0.0,10.695
2021-12-31,10.85,77.75,6.825,0.0,11.2775
2022-01-01,10.775,80.5,6.225,0.0,10.85
2022-01-02,10.875,79.5,7.675000000000001,0.0,10.675
2022-01-03,12.05,77.0,6.925,0.0,10.4875
2022-01-04,12.775,81.5,6.6,0.625,3.4124999999999996
2022-01-05,12.775,92.0,8.6,24.9,1.755
2022-01-06,13.825,86.0,10.3,2.9,7.7875000000000005
2022-01-07,13.775,89.0,14.35,12.75,4.6375
2022-01-08,13.75,90.75,13.674999999999999,35.925,5.115
2022-01-09,11.825,89.25,5.05,4.0,7.985
2022-01-10,11.2,86.75,4.825,0.65,9.785
2022-01-11,10.55,89.25,7.325,0.025,10.614999999999998
2022-01-12,11.45,87.0,4.875,0.225,10.985
2022-01-13,11.1,86.75,4.475,0.0,9.95
2022-01-14,9.924999999999999,88.75,5.55,0.0,10.4925
2022-01-15,9.4,89.25,5.15,0.0,9.3625
2022-01-16,9.775,89.75,5.45,0.0,9.0425
2022-01-17,9.5,91.0,4.2,0.025,6.609999999999999
2022-01-18,10.075,89.75,6.65,0.0,10.09
2022-01-19,11.2,92.0,4.6,3.925,7.8
2022-01-20,12.05,89.75,4.075,0.2,9.3475
2022-01-21,11.8,87.0,6.375,0.1,10.985
2022-01-22,12.075,86.25,17.7,15.55,3.7225
2022-01-23,11.45,90.0,12.475,7.675,5.265000000000001
2022-01-24,10.575,87.25,5.0,0.07500000000000001,10.059999999999999
2022-01-25,10.025,87.25,6.625,0.1,11.64
2022-01-26,10.425,86.0,7.675000000000001,0.325,12.16
2022-01-27,10.125,81.75,8.85,0.0,13.615
2022-01-28,10.5,77.25,8.6,0.0,13.92
2022-01-29,11.5,79.25,7.075,0.0,13.844999999999999
2022-01-30,12.0,80.5,9.425,0.0,13.6875
2022-01-31,12.4,83.75,6.1,0.0,13.66
2022-02-01,12.350000000000001,87.0,7.5,0.0,13.719999999999999
2022-02-02,12.175,82.5,7.5249999999999995,0.9,12.485
2022-02-03,11.425,88.5,13.675,18.575,3.495
2022-02-04,10.75,84.75,5.949999999999999,1.375,13.605
2022-02-05,10.125,87.75,4.775,0.0,13.942499999999999
2022-02-06,11.475,85.0,5.675,0.1,14.25
2022-02-07,13.049999999999999,83.75,7.125,0.05,13.915000000000001
2022-02-08,13.675,80.5,5.7,0.05,15.0975
2022-02-09,14.125,74.5,6.775,0.5249999999999999,14.2675
2022-02-10,12.5,74.75,8.2,0.0,15.5575
2022-02-11,12.25,73.0,10.5,0.0,16.0675
2022-02-12,12.8,74.75,7.925,0.0,16.165
2022-02-13,13.75,76.0,5.75,0.0,16.072499999999998
2022-02-14,14.2,78.0,6.3,0.0,15.82
2022-02-15,14.775,76.0,5.95,0.0,15.8325
2022-02-16,14.85,77.75,6.775,0.05,16.055
2022-02-17,15.075,73.25,6.525,0.0,16.6575
2022-02-18,14.875,73.0,8.125,0.0,15.48
2022-02-19,14.85,73.75,8.775,0.0,17.0125
2022-02-20,14.775,66.75,10.325,0.0,17.3525
2022-02-21,14.65,67.0,6.375,0.0,17.73
2022-02-22,17.775,63.5,19.775,4.2749999999999995,15.625
2022-02-23,17.4,73.75,14.6,0.65,16.405
2022-02-24,15.875,78.0,7.05,1.325,16.322499999999998
2022-02-25,15.925,74.75,9.725,2.675,14.405000000000001
2022-02-26,14.600000000000001,77.25,14.625,8.275,13.674999999999999
2022-02-27,13.85,74.5,8.875,0.125,18.305
2022-02-28,14.4,72.0,8.575,0.0,16.7925
2022-03-01,16.4,71.5,6.95,1.225,17.8475
2022-03-02,17.4,72.5,5.575,0.225,17.6525
2022-03-03,16.1,83.5,7.275,7.4,12.05
2022-03-04,16.575,77.75,9.3,0.0,18.5075
2022-03-05,17.4,72.0,9.25,0.0,18.745
2022-03-06,18.675,73.0,5.5,0.0,14.135
2022-03-07,19.525,69.5,7.3,0.025,17.145
2022-03-08,19.275,67.5,8.25,0.0,19.66
2022-03-09,19.775,65.25,9.5,0.0,19.4925
2022-03-10,20.1,66.0,9.675,0.0,19.66
2022-03-11,20.325000000000003,65.25,8.9,0.0,20.175
2022-03-12,21.125,64.25,8.325,0.0,20.05
2022-03-13,22.875,67.5,7.175,0.0,20.0825
2022-03-14,23.875,70.0,6.05,0.0,20.0775
2022-03-15,24.875,70.0,7.275,0.0,20.119999999999997
2022-03-16,25.6,61.0,10.875,0.0,20.5975
2022-03-17,25.275,66.25,7.575,0.0,20.7725
2022-03-18,26.799999999999997,69.5,10.575,0.0,20.4575
2022-03-19,26.65,67.25,8.225,0.0,20.7625
2022-03-20,25.6,63.75,7.35,1.0,20.16
2022-03-21,25.275,60.75,7.75,0.0,21.2525
2022-03-22,24.7,55.75,10.875,0.0,21.900000000000002
2022-03-23,25.325,50.25,6.4,0.0,20.845
2022-03-24,25.25,48.25,8.375,0.0,20.4675
2022-03-25,24.6,44.0,9.825,0.0,22.049999999999997
2022-03-26,24.5,44.5,11.475,0.0,22.5
2022-03-27,25.25,45.5,8.075,0.0,22.6075
2022-03-28,26.4,46.5,8.2,0.0,22.465
2022-03-29,27.35,45.25,7.225,0.0,22.6875
2022-03-30,27.275,45.5,7.225,0.0,22.805
2022-03-31,27.225,40.0,8.6,0.0,22.5425
2022-04-01,26.55,32.5,9.425,0.0,23.365000000000002
2022-04-02,26.85,39.75,8.15,0.0,23.3
2022-04-03,27.225,30.5,9.8,0.0,23.4325
2022-04-04,27.225,33.0,9.3,0.0,23.5475
2022-04-05,28.4,30.25,7.625,0.0,23.5625
2022-04-06,28.625,30.5,8.4,0.0,23.545
2022-04-07,29.15,30.75,8.2,0.0,23.665
2022-04-08,29.6,32.5,7.175000000000001,0.0,23.622500000000002
2022-04-09,30.0,32.5,8.725,0.0,22.88
2022-04-10,30.474999999999998,32.25,8.475,0.0,23.8
2022-04-11,31.05,31.75,8.05,0.0,23.1725
2022-04-12,31.15,25.75,9.0,0.0,20.2675
2022-04-13,30.375,30.75,9.825,0.0,22.1625
2022-04-14,29.575,26.25,10.225,0.025,22.16
2022-04-15,28.55,28.5,8.55,0.075,20.87
2022-04-16,29.325,28.5,7.475,0.0,23.93
2022-04-17,30.075,28.0,7.55,0.0,23.939999999999998
2022-04-18,31.275,28.25,7.325,0.0,23.240000000000002
2022-04-19,32.0,25.75,9.575,0.0,22.185
2022-04-20,31.625,26.0,10.425,0.0,22.5325
2022-04-21,29.575,28.5,11.325,0.45,16.3525
2022-04-22,28.55,32.5,8.25,0.0,23.5
2022-04-23,29.1,28.75,9.475,0.0,23.490000000000002
2022-04-24,29.675,27.5,10.975,0.0,23.885
2022-04-25,30.0,28.0,9.8,0.15,20.7075
2022-04-26,31.05,25.25,8.65,0.0,24.115000000000002
2022-04-27,31.725,24.25,9.6,0.0,24.4375
2022-04-28,33.6,23.25,8.05,0.0,24.035
2022-04-29,33.9,20.0,9.2,0.0,23.32
2022-04-30,33.474999999999994,22.5,8.4,0.0,23.2325
2022-05-01,32.5,30.25,13.1,0.05,21.715
2022-05-02,32.85,35.0,13.95,0.15,21.4025
2022-05-03,32.075,38.75,12.2,0.9,20.88
2022-05-04,29.725,44.25,11.3,0.325,18.947499999999998
2022-05-05,29.8,43.5,7.475,0.0,23.055
2022-05-06,31.125,31.25,7.025,0.0,22.77
2022-05-07,31.075,33.25,7.675000000000001,0.0,23.5075
2022-05-08,32.15,31.5,8.825,0.0,23.71
2022-05-09,32.525,40.0,12.35,0.0,22.5775
2022-05-10,32.525,44.25,10.6,0.30000000000000004,21.3225
2022-05-11,33.375,41.0,9.575,0.0,22.634999999999998
2022-05-12,34.125,37.75,10.2,0.0,22.705
2022-05-13,34.275000000000006,31.75,10.075,0.0,23.5
2022-05-14,34.375,21.75,9.1,0.0,24.59
2022-05-15,35.275,20.25,9.3,0.0,24.0075
2022-05-16,34.25,25.0,9.75,0.0,20.035
2022-05-17,32.974999999999994,32.0,9.6,0.05,20.055
2022-05-18,33.825,28.75,9.025,0.0,22.9325
2022-05-19,34.525,26.25,8.725000000000001,0.0,23.2275
2022-05-20,35.425,21.0,10.925,0.0,22.3475
2022-05-21,33.45,25.25,10.975000000000001,0.0,21.195
2022-05-22,32.55,29.75,8.2,0.0,22.4425
2022-05-23,28.275,48.75,20.45,7.575,18.6475
2022-05-24,24.85,64.0,12.225,13.55,20.7575
2022-05-25,27.3,53.75,5.375,0.0,23.405
2022-05-26,30.05,46.5,6.6,0.0,22.802500000000002
2022-05-27,31.9,45.75,7.275,0.0,22.4525
2022-05-28,32.7,47.0,9.8,0.125,21.9525
2022-05-29,32.625,47.0,9.3,0.225,21.69
2022-05-30,31.925,49.5,12.225,0.225,21.655
2022-05-31,31.875,45.0,7.15,0.0,21.57
2022-06-01,32.475,33.25,6.8,0.0,21.705
2022-06-02,33.025,29.5,8.05,0.0,23.66
2022-06-03,32.775000000000006,27.0,7.675,0.0,23.885
2022-06-04,33.525,25.25,7.6,0.0,23.785
2022-06-05,34.075,24.75,6.425,0.0,23.5725
2022-06-06,34.4,25.0,7.225,0.0,23.6625
2022-06-07,34.95,25.0,8.075,0.0,22.875
2022-06-08,35.275,22.5,11.325,0.0,21.955
2022-06-09,35.275,23.25,8.95,0.0,21.995
2022-06-10,35.125,24.5,11.45,0.0,20.52
2022-06-11,35.35,27.25,12.2,0.125,20.1075
2022-06-12,35.5,28.0,9.325,0.0,22.1275
2022-06-13,36.125,27.5,10.55,0.0,22.14
2022-06-14,36.175,29.0,13.125,0.0,21.9975
2022-06-15,36.725,29.5,11.55,0.0,21.6
2022-06-16,33.3,41.75,10.775,5.525,19.245
2022-06-17,30.4,60.0,9.75,1.4000000000000001,15.395
2022-06-18,26.525,78.0,9.1,16.525,14.5725
2022-06-19,27.325,72.25,5.4,0.225,19.0775
2022-06-20,27.575,69.25,5.575,2.325,18.605
2022-06-21,25.925,76.25,10.175,6.574999999999999,10.325
2022-06-22,26.95,72.75,8.525,11.1,20.445
2022-06-23,28.525,61.0,10.425,0.0,23.705
2022-06-24,29.075,56.75,8.0,0.0,23.88
2022-06-25,30.625,51.0,5.1,0.0,23.7875
2022-06-26,32.1,51.25,8.100000000000001,0.0,22.265
2022-06-27,33.150000000000006,58.75,7.725,0.025,21.619999999999997
2022-06-28,33.675,58.75,7.5,1.5999999999999999,21.3775
2022-06-29,33.6,60.75,13.025,0.0,21.76
2022-06-30,28.0,81.75,18.45,12.125,9.0725
2022-07-01,27.45,83.0,8.15,24.675,11.76
2022-07-02,30.05,73.75,7.1,0.35000000000000003,20.3675
2022-07-03,29.6,78.25,9.5,7.55,17.0075
2022-07-04,30.875,75.5,5.6499999999999995,0.5,20.0325
2022-07-05,31.8,72.25,6.775,3.375,20.75
2022-07-06,30.650000000000002,76.75,10.45,12.075,19.369999999999997
2022-07-07,31.125,75.25,7.225,6.975,19.7
2022-07-08,30.775,78.0,6.975,14.925,18.7475
2022-07-09,29.775,80.0,11.35,20.8,18.427500000000002
2022-07-10,27.825000000000003,83.5,8.5,15.65,13.625
2022-07-11,29.775,79.5,4.25,1.75,19.5175
2022-07-12,30.1,79.5,5.925,6.2,21.0425
2022-07-13,29.625,81.0,8.25,8.125,20.8425
2022-07-14,28.625,84.5,6.525,8.45,15.342500000000001
2022-07-15,28.15,83.0,8.825,7.6,14.965
2022-07-16,29.925,76.75,6.125,0.6499999999999999,20.7925
2022-07-17,28.474999999999998,83.5,8.125,12.575,15.6625
2022-07-18,30.575,75.75,3.825,0.0,21.9775
2022-07-19,31.175,76.5,4.2,0.7,20.6075
2022-07-20,29.1,84.5,7.325,21.25,16.9525
2022-07-21,26.5,89.25,9.95,32.275,9.595
2022-07-22,27.95,85.75,8.75,4.05,18.25
2022-07-23,28.450000000000003,83.75,9.9,2.5250000000000004,17.2075
2022-07-24,29.25,80.0,9.8,6.55,19.925
2022-07-25,29.1,78.5,11.85,6.85,19.205
2022-07-26,28.975,77.5,10.15,1.575,19.225
2022-07-27,28.625,81.0,9.35,3.45,17.6525
2022-07-28,27.8,85.5,10.15,16.05,14.5675
2022-07-29,26.625,90.5,7.275,16.775,11.5975
2022-07-30,26.575,90.0,7.7,15.925,13.2575
2022-07-31,26.3,90.75,7.4,27.025,10.870000000000001
2022-08-01,26.65,88.75,5.65,15.175,15.497499999999999
2022-08-02,28.85,81.75,6.175,0.125,21.45
2022-08-03,29.15,82.75,4.7,0.35,20.845
2022-08-04,28.175,85.75,8.575,4.675,15.855
2022-08-05,27.7,88.5,6.95,5.575,16.1275
2022-08-06,28.4,86.0,4.775,3.35,19.73
2022-08-07,28.0,87.5,6.725,13.450000000000001,17.11
2022-08-08,29.35,81.0,4.75,0.025,21.485
2022-08-09,30.1,80.0,4.775,0.775,20.0975
2022-08-10,30.6,78.25,6.025,0.0,22.072499999999998
2022-08-11,27.8,82.0,13.0,4.65,9.675
2022-08-12,29.275,72.75,6.95,0.0,21.06
2022-08-13,29.875,76.75,7.449999999999999,0.0,22.4475
2022-08-14,29.05,82.25,6.925,8.799999999999999,20.5675
2022-08-15,27.675,83.5,9.2,5.324999999999999,14.125
2022-08-16,28.85,74.75,9.725,1.4500000000000002,18.2475
2022-08-17,28.6,76.5,15.425,0.075,18.8
2022-08-18,29.225,76.75,6.6,0.625,21.002499999999998
2022-08-19,29.175,77.75,8.375,1.0,20.072499999999998
2022-08-20,28.474999999999998,79.75,5.775,0.925,17.3875
2022-08-21,28.9,79.25,6.2749999999999995,1.075,20.56
2022-08-22,29.65,76.0,4.375,0.0,21.3175
2022-08-23,30.3,75.25,10.375,0.2,20.9475
2022-08-24,28.775,77.5,14.425,7.475,18.8175
2022-08-25,28.95,76.5,7.425,0.625,20.3075
2022-08-26,29.2,74.75,6.7,0.65,19.9975
2022-08-27,29.2,74.25,9.175,1.125,19.54
2022-08-28,29.175,73.75,7.875,1.7500000000000002,19.5275
2022-08-29,27.9,81.75,6.275,8.675,17.405
2022-08-30,29.05,77.75,5.05,1.75,20.4375
2022-08-31,30.0,73.75,5.6,0.2,20.3325
2022-09-01,30.325,69.75,6.125,0.0,21.0475
2022-09-02,29.825,72.25,6.1,0.575,19.07
2022-09-03,29.625,71.75,6.675,0.175,19.8775
2022-09-04,29.4,69.75,7.65,0.1,20.7125
2022-09-05,28.950000000000003,70.75,7.55,4.175,19.8775
2022-09-06,28.575,75.25,5.5,0.175,19.8
2022-09-07,29.2,70.75,4.85,0.0,20.4575
2022-09-08,29.825,68.25,3.475,0.05,20.305
2022-09-09,29.875,70.25,6.0,0.15000000000000002,19.825
2022-09-10,29.625,71.75,7.7250000000000005,0.6000000000000001,19.307499999999997
2022-09-11,28.575,74.25,8.125,1.45,18.955
2022-09-12,28.85,71.25,6.35,0.42500000000000004,19.747500000000002
2022-09-13,29.200000000000003,70.75,5.6,0.45,19.59
2022-09-14,29.15,72.0,4.725,0.5,17.4725
2022-09-15,28.475,74.5,6.625,1.65,18.6175
2022-09-16,27.8,75.5,6.4,2.175,18.88
2022-09-17,28.775000000000002,72.25,5.7,0.07500000000000001,19.415
2022-09-18,29.125,69.5,6.125,0.0,19.535
2022-09-19,29.225,67.0,5.25,0.025,19.465
2022-09-20,28.325,73.5,5.4,1.375,17.72
2022-09-21,27.225,82.75,4.875,9.475,15.26
2022-09-22,26.55,85.0,5.85,16.8,10.84
2022-09-23,25.900000000000002,85.5,6.125,7.675000000000001,9.887500000000001
2022-09-24,24.475,88.0,10.05,41.8,6.605
2022-09-25,25.0,83.75,10.075,17.275,14.192499999999999
2022-09-26,25.375,83.75,5.15,1.375,18.325
2022-09-27,26.075,81.75,5.15,0.05,17.865000000000002
2022-09-28,26.45,79.0,4.825,0.0,18.0875
2022-09-29,26.65,78.0,5.975,0.0,18.2625
2022-09-30,27.15,76.0,5.725,0.05,18.03
2022-10-01,27.049999999999997,74.5,5.8,0.025,17.95
2022-10-02,27.05,71.25,6.275,0.0,18.09
2022-10-03,27.0,66.5,7.525,0.0,18.305
2022-10-04,26.85,68.25,7.1,0.0,18.0575
2022-10-05,26.5,69.5,5.4,0.0,18.0175
2022-10-06,25.8,72.75,7.925,0.025,17.4425
2022-10-07,25.45,76.25,7.075,0.3,15.855
2022-10-08,24.525,80.25,7.449999999999999,1.525,11.1775
2022-10-09,24.425,79.75,6.35,0.55,15.465
2022-10-10,23.6,81.75,7.175,3.375,12.75
2022-10-11,22.575,83.75,6.6,8.175,14.565000000000001
2022-10-12,22.875,77.25,5.7,0.0,16.475
2022-10-13,23.65,69.75,6.975,0.0,16.595
2022-10-14,23.925,65.5,7.825000000000001,0.0,16.5325
2022-10-15,23.9,64.5,6.8,0.0,16.44
2022-10-16,24.175,64.5,6.1,0.0,16.2075
2022-10-17,24.25,60.5,6.2,0.0,16.0375
2022-10-18,23.45,62.25,7.0,0.0,15.9525
2022-10-19,23.125,62.25,7.775,0.0,15.7425
2022-10-20,22.775,61.5,13.075,1.0,14.095
2022-10-21,22.725,64.0,7.199999999999999,0.0,15.3675
2022-10-22,21.975,60.0,6.975,0.0,15.5125
2022-10-23,21.575,62.0,6.65,0.0,15.4575
2022-10-24,21.525,60.25,7.85,0.0,15.477500000000001
2022-10-25,21.925,59.5,8.1,0.0,15.2475
2022-10-26,22.55,63.5,5.55,0.0,14.9275
2022-10-27,22.575,63.25,5.9,0.0,14.7975
2022-10-28,22.35,65.75,5.675,0.0,14.6325
2022-10-29,22.35,65.5,5.625,0.0,14.51
2022-10-30,22.425,66.25,6.1,0.0,14.235
2022-10-31,22.375,67.75,6.5,0.0,13.9925
2022-11-01,22.675,66.75,9.075,1.225,12.975
2022-11-02,22.575,68.75,7.5,0.0,13.5825
2022-11-03,22.125,67.5,6.800000000000001,0.0,12.5025
2022-11-04,22.1,73.75,5.525,0.0,13.105
2022-11-05,22.65,74.75,10.775,0.575,12.6175
2022-11-06,22.75,73.0,10.65,4.35,11.9825
2022-11-07,21.575,77.25,7.275,0.0,11.58
2022-11-08,19.925,78.25,6.475,1.1749999999999998,10.7875
2022-11-09,19.25,76.5,6.7250000000000005,2.875,11.2375
2022-11-10,19.425,68.5,7.35,0.0,12.1325
2022-11-11,18.65,66.25,8.5,0.0,12.8325
2022-11-12,18.4,65.75,8.275,0.0,12.77
2022-11-13,18.95,63.5,6.175000000000001,0.0,11.925
2022-11-14,18.675,65.0,10.1,4.875,8.6
2022-11-15,18.7,70.5,6.075,0.0,11.35
2022-11-16,17.175,72.5,7.425,0.0,12.145
2022-11-17,16.775,68.5,9.7,0.0,12.315
2022-11-18,16.325,66.5,6.95,0.0,12.31
2022-11-19,16.3,69.0,6.0,0.0,11.9875
2022-11-20,16.775,68.0,8.475,0.0,12.1225
2022-11-21,16.375,66.25,8.275,0.0,12.15
2022-11-22,16.3,64.0,8.675,0.0,12.205
2022-11-23,16.2,63.0,8.5,0.0,12.185
2022-11-24,16.200000000000003,64.5,7.575,0.0,12.1225
2022-11-25,16.225,66.0,6.625,0.0,11.88
2022-11-26,16.225,68.75,7.85,0.0,11.83
2022-11-27,16.65,68.75,5.8999999999999995,0.0,11.8775
2022-11-28,16.35,70.0,5.025,0.0,11.635000000000002
2022-11-29,16.3,73.75,6.375,0.0,11.31
2022-11-30,15.875,76.75,6.449999999999999,0.0,11.200000000000001
2022-12-01,16.35,73.75,6.4,0.0,11.2775
2022-12-02,16.575,72.5,4.775,0.0,9.9425
2022-12-03,15.95,72.25,6.05,0.0,11.2375
2022-12-04,15.425,71.5,7.75,0.0,11.497499999999999
2022-12-05,14.975,71.75,6.6,0.0,11.3275
2022-12-06,14.925,71.75,9.15,0.0,11.345
2022-12-07,14.799999999999999,69.25,9.35,0.0,11.4075
2022-12-08,14.95,71.75,7.025,0.0,10.72
2022-12-09,15.8,71.0,6.9,0.0,10.9425
2022-12-10,16.5,67.75,7.425,0.0,10.6175
2022-12-11,16.6,60.25,8.975,0.0,11.155
2022-12-12,15.85,56.5,9.1,0.0,11.315
2022-12-13,16.25,51.5,12.0,0.0,11.23
2022-12-14,14.025,58.5,9.075,0.0,11.52
2022-12-15,13.825,63.5,7.7250000000000005,0.0,11.3475
2022-12-16,13.775,66.75,7.325,0.0,11.3475
2022-12-17,13.75,73.5,7.199999999999999,0.0,11.2
2022-12-18,14.3,76.75,4.625,0.0,11.067499999999999
2022-12-19,13.25,81.75,5.2749999999999995,0.0,10.51
2022-12-20,12.85,82.25,6.4,0.0,9.7975
2022-12-21,12.15,84.0,5.575,0.0,10.315000000000001
2022-12-22,10.975,89.25,5.5,0.0,9.895
2022-12-23,9.925,90.5,4.8,0.0,8.915
2022-12-24,9.25,88.5,8.075,0.0,9.71
2022-12-25,10.225,87.25,7.574999999999999,0.05,9.655000000000001
2022-12-26,10.45,86.5,7.3,0.05,10.8525
2022-12-27,10.65,84.75,9.475000000000001,0.0,10.0825
2022-12-28,11.05,82.0,8.775,0.0,10.9875
2022-12-29,11.825,80.75,6.55,1.775,4.105
2022-12-30,13.175,81.5,8.925,0.225,10.13
2022-12-31,11.8,84.0,9.025,0.0,11.3725
2023-01-01,11.100000000000001,82.75,5.2,0.0,8.725
2023-01-02,9.3,88.0,4.525,0.0,9.942499999999999
2023-01-03,8.825,90.5,5.825,0.0,9.6825
2023-01-04,9.025,89.0,6.25,0.0,10.6475
2023-01-05,8.125,90.0,4.800000000000001,0.0,9.817499999999999
2023-01-06,7.225,91.75,4.075,0.025,7.925
2023-01-07,8.625,91.25,6.5,0.05,9.7025
2023-01-08,10.025,90.25,7.425,0.0,9.5725
2023-01-09,10.075,91.5,3.9749999999999996,0.0,8.115
2023-01-10,10.225,92.5,6.1000000000000005,0.0,9.635
2023-01-11,11.1,92.25,6.0,4.175000000000001,6.7225
2023-01-12,12.675,84.5,8.625,1.075,11.817499999999999
2023-01-13,12.5,88.5,8.0,4.9,8.0775
2023-01-14,10.075,84.75,8.625,0.0,10.45
2023-01-15,8.25,69.25,9.0,0.0,12.7575
2023-01-16,8.025,70.0,7.9,0.0,12.907499999999999
2023-01-17,8.125,68.0,8.2,0.0,13.055
2023-01-18,9.25,69.75,6.875,0.0,11.09
2023-01-19,12.525,67.25,6.775,1.4,11.8925
2023-01-20,11.5,82.0,6.6,2.2,6.34
2023-01-21,11.85,80.25,7.15,1.0,12.785
2023-01-22,11.775,77.25,7.55,0.0,12.7625
2023-01-23,12.975,73.75,8.475,0.0,12.045
2023-01-24,12.675,82.0,7.7749999999999995,7.875,10.04
2023-01-25,13.625,85.5,6.6,8.775,10.2425
2023-01-26,11.925,81.75,8.675,0.0,11.595
2023-01-27,11.075,67.75,9.6,0.0,14.015
2023-01-28,11.675,69.25,7.875,0.0,13.2775
2023-01-29,11.725,82.5,10.85,2.15,8.6625
2023-01-30,13.825,83.0,10.5,7.125,9.2725
2023-01-31,12.85,84.25,10.425,0.0,13.7
2023-02-01,12.475,77.25,10.125,0.0,14.4225
2023-02-02,13.350000000000001,70.25,10.125,0.0,13.9225
2023-02-03,14.05,72.0,7.85,0.0,13.91
2023-02-04,14.85,72.75,9.25,0.0,14.5925
2023-02-05,15.0,71.0,7.574999999999999,0.0,14.985
2023-02-06,16.15,70.75,9.649999999999999,0.875,13.8825
2023-02-07,15.3,64.0,10.35,0.0,15.16
2023-02-08,15.025,61.75,7.5,0.0,14.26
2023-02-09,16.2,63.0,9.925,0.275,10.15
2023-02-10,18.05,63.75,14.049999999999999,0.525,14.6025
2023-02-11,15.75,65.5,8.125,0.0,15.38
2023-02-12,13.525,49.25,11.3,0.0,16.0625
2023-02-13,12.9,40.75,12.825,0.0,16.240000000000002
2023-02-14,14.975,53.25,8.775,0.0,15.5825
2023-02-15,17.225,59.25,10.475000000000001,0.0,16.1175
2023-02-16,18.175,68.0,6.25,0.0,16.045
2023-02-17,18.1,76.75,6.225,0.0,16.2425
2023-02-18,18.475,77.0,5.575,0.0,16.515
2023-02-19,19.05,75.75,6.325,0.0,15.815
2023-02-20,21.0,71.0,10.025,0.0,15.0475
2023-02-21,20.225,65.25,8.875,0.0,17.072499999999998
2023-02-22,18.725,65.75,6.825,0.0,15.1475
2023-02-23,18.45,60.25,10.275,0.0,17.8675
2023-02-24,18.675,54.5,7.85,0.0,17.8975
2023-02-25,19.35,61.0,6.25,0.0,17.7675
2023-02-26,19.5,64.75,7.675,0.775,16.055
2023-02-27,20.05,59.0,7.15,0.05,17.685000000000002
2023-02-28,18.025,62.5,11.05,2.25,12.3525
2023-03-01,19.675,66.75,9.45,0.9750000000000001,17.3525
2023-03-02,20.05,65.0,7.925000000000001,0.6499999999999999,17.0775
2023-03-03,20.5,62.75,8.575,0.05,17.645
2023-03-04,20.275,60.75,7.475,0.0,17.07
2023-03-05,20.125,61.5,8.75,0.2,17.4025
2023-03-06,20.25,55.75,8.325,0.0,18.89
2023-03-07,20.625,50.5,7.4,0.0,19.0425
2023-03-08,20.425,55.5,6.425,0.0,18.595
2023-03-09,20.825,58.0,6.6,0.0,19.122500000000002
2023-03-10,21.825,55.0,7.075,0.0,19.6175
2023-03-11,22.175,57.5,6.2,0.0,19.45
2023-03-12,22.9,58.25,6.625,0.025,18.927500000000002
2023-03-13,22.6,62.75,6.675000000000001,0.15000000000000002,17.52
2023-03-14,22.924999999999997,59.0,7.4,0.0,19.8
2023-03-15,23.225,54.25,6.45,0.0,19.29
2023-03-16,22.875,56.75,7.525,0.325,18.3475
2023-03-17,20.375,64.25,10.8,1.875,15.1975
2023-03-18,18.65,79.5,8.65,9.65,15.8675
2023-03-19,18.775,81.0,4.825,3.575,18.045
2023-03-20,18.125,84.25,7.2,12.225,14.4025
2023-03-21,18.4,78.0,6.5,0.375,19.682499999999997
2023-03-22,19.2,74.75,6.075,0.0,19.1
2023-03-23,20.05,70.75,6.875,1.175,19.3175
2023-03-24,18.95,79.25,9.774999999999999,17.525,13.005
2023-03-25,18.65,80.5,11.6,19.375,16.877499999999998
2023-03-26,18.924999999999997,71.75,6.625,0.35,20.235
2023-03-27,19.275,70.0,6.625,0.0,21.3225
2023-03-28,20.55,63.25,6.35,0.0,20.27
2023-03-29,21.7,62.5,6.35,0.15,19.035
2023-03-30,21.7,67.75,10.925,8.425,18.4
2023-03-31,18.450000000000003,84.25,11.325,12.350000000000001,12.5625
2023-04-01,18.4,83.5,8.325,10.700000000000001,15.717500000000001
2023-04-02,19.5,77.5,6.1,0.0,20.8625
2023-04-03,20.025,71.75,9.625,2.55,16.002499999999998
2023-04-04,20.325,69.75,7.800000000000001,2.725,22.08
2023-04-05,20.825,60.25,8.05,0.0,22.54
2023-04-06,21.825,56.5,8.925,0.025,22.9
2023-04-07,21.65,52.25,9.825,0.0,23.79
2023-04-08,22.75,46.75,8.35,0.0,23.8125
2023-04-09,23.975,41.25,6.625,0.0,23.77
2023-04-10,24.775,40.5,8.125,0.0,23.29
2023-04-11,25.7,40.0,9.350000000000001,0.0,22.6675
2023-04-12,27.2,35.5,9.35,0.0,23.255
2023-04-13,27.5,36.0,9.65,0.0,23.7125
2023-04-14,28.725,33.25,7.8999999999999995,0.0,23.61
2023-04-15,29.075,33.25,7.6,0.0,22.9375
2023-04-16,29.175,31.5,9.125,0.0,20.995
2023-04-17,30.225,33.0,6.225,0.0,22.805
2023-04-18,29.5,34.25,9.525,0.475,19.439999999999998
2023-04-19,25.475,56.25,9.275,3.775,16.2975
2023-04-20,24.875,52.75,9.45,0.925,20.8125
2023-04-21,24.65,43.5,8.225,0.525,21.3875
2023-04-22,24.225,37.25,9.7,0.05,21.965
2023-04-23,24.5,37.5,6.5,0.0,21.6
2023-04-24,25.7,36.5,6.275,0.0,22.8675
2023-04-25,26.575,37.25,10.525,0.0,23.28
2023-04-26,27.3,38.0,8.425,0.15,21.775
2023-04-27,26.975,38.25,11.7,0.7,17.314999999999998
2023-04-28,26.5,43.25,6.925,0.5,19.55
2023-04-29,26.55,43.25,6.775,0.95,18.395
2023-04-30,25.425,52.75,5.475,1.65,19.2375
2023-05-01,21.675,76.25,12.1,9.725000000000001,12.5425
2023-05-02,21.75,75.25,10.05,11.200000000000001,16.73
2023-05-03,22.45,74.25,6.975,7.6499999999999995,20.564999999999998
2023-05-04,24.025,64.75,5.85,0.5,21.285
2023-05-05,25.475,54.5,7.675,0.325,21.2
2023-05-06,26.725,44.5,8.55,0.075,20.09
2023-05-07,27.05,41.5,11.725,0.075,23.79
2023-05-08,26.775,40.75,11.275,0.05,22.9925
2023-05-09,26.85,35.25,10.175,0.0,24.0025
2023-05-10,27.025,32.75,10.55,0.0,24.7525
2023-05-11,29.0,33.75,6.975,0.0,24.612499999999997
2023-05-12,30.125,31.75,5.925,0.0,24.255
2023-05-13,31.075,31.75,8.325,0.0,22.8175
2023-05-14,31.35,27.5,10.475,0.0,22.8125
2023-05-15,31.325,26.75,8.275,0.0,23.8125
2023-05-16,31.125,28.25,9.075,0.0,22.78
2023-05-17,32.125,28.5,8.55,0.0,21.33
2023-05-18,28.05,44.25,9.45,0.75,22.244999999999997
2023-05-19,29.8,39.0,9.95,0.0,23.677500000000002
2023-05-20,31.5,33.5,8.6,0.0,23.705
2023-05-21,32.675,31.25,8.575,0.0,22.634999999999998
2023-05-22,33.6,29.0,8.75,0.0,20.9025
2023-05-23,32.625,35.75,9.175,0.7,19.012500000000003
2023-05-24,27.925,56.25,13.425,26.8,14.6
2023-05-25,27.15,61.75,8.7,2.525,20.79
2023-05-26,26.6,62.75,7.35,2.3249999999999997,18.2275
2023-05-27,26.675,61.0,8.125,2.1750000000000003,21.835
2023-05-28,28.25,52.0,6.025,0.0,21.1725
2023-05-29,27.025,62.0,8.3,4.925,14.95
2023-05-30,27.275,58.5,7.55,0.4,21.4875
2023-05-31,22.8,83.5,8.325,37.175,11.625
2023-06-01,23.8,75.75,7.125,6.875,17.822499999999998
2023-06-02,24.575,69.0,6.025,1.325,21.72
2023-06-03,26.925,60.25,4.9,0.0,23.46
2023-06-04,28.724999999999998,56.25,5.625,0.0,21.425
2023-06-05,29.35,50.0,8.125,0.07500000000000001,21.74
2023-06-06,28.675,50.75,7.3,0.22499999999999998,20.814999999999998
2023-06-07,28.775,53.75,7.3999999999999995,0.675,20.377499999999998
2023-06-08,30.175,49.5,7.775,0.0,21.46
2023-06-09,31.65,46.0,7.2,0.05,21.8325
2023-06-10,32.325,48.5,8.6,0.025,20.1175
2023-06-11,31.4,55.5,7.5,0.0,21.752499999999998
2023-06-12,32.425,53.25,8.175,0.05,21.835
2023-06-13,33.725,48.25,10.375,0.0,21.2375
2023-06-14,31.55,54.75,9.9,5.0249999999999995,19.7225
2023-06-15,29.775,63.25,8.675,3.0,19.165
2023-06-16,30.55,60.5,7.95,0.575,20.622500000000002
2023-06-17,32.224999999999994,55.75,5.8,0.025,20.7925
2023-06-18,30.875,65.0,7.35,0.8,14.915
2023-06-19,32.25,58.0,6.075,0.05,21.805
2023-06-20,33.25,57.0,5.050000000000001,0.075,21.5425
2023-06-21,33.675,57.75,9.025,0.07500000000000001,19.9025
2023-06-22,33.825,60.5,9.8,2.1999999999999997,20.4975
2023-06-23,33.875,61.5,11.775,0.6,20.002499999999998
2023-06-24,33.35,60.5,10.925,2.05,20.71
2023-06-25,31.05,70.25,14.925,4.1,18.560000000000002
2023-06-26,28.15,81.0,7.45,8.025,15.3725
2023-06-27,29.25,75.75,7.35,4.1,20.3575
2023-06-28,29.975,74.5,8.95,0.275,21.052500000000002
2023-06-29,29.425,77.75,6.0,6.075,19.3075
2023-06-30,30.075,73.75,5.675,2.325,21.435
2023-07-01,29.8,73.0,6.825,3.475,21.8375
2023-07-02,30.85,70.25,6.25,0.7750000000000001,21.869999999999997
2023-07-03,32.2,67.5,7.5,0.275,21.369999999999997
2023-07-04,31.3,72.0,10.725000000000001,18.025,20.8575
2023-07-05,28.325,82.25,12.4,21.8,14.83
2023-07-06,28.675,80.25,8.175,1.925,19.8125
2023-07-07,28.425,80.0,8.95,5.525,17.61
2023-07-08,26.5,90.75,11.9,24.85,6.4025
2023-07-09,26.825,86.75,10.875,31.875,11.807500000000001
2023-07-10,26.875,86.5,8.575,15.625,10.3275
2023-07-11,28.55,80.25,5.225,0.625,21.384999999999998
2023-07-12,29.325,79.5,6.8,2.6500000000000004,21.6875
2023-07-13,29.075,80.5,7.95,1.4,20.945
2023-07-14,29.425,81.25,6.675,1.675,20.53
2023-07-15,29.925,79.25,6.725,2.225,20.9425
2023-07-16,29.0,84.25,8.15,9.25,16.7475
2023-07-17,29.55,82.5,6.65,2.875,20.1625
2023-07-18,29.225,83.5,10.775,1.425,17.8225
2023-07-19,28.675,84.0,10.675,3.3000000000000003,15.5075
2023-07-20,30.5,78.0,5.075,1.75,21.0275
2023-07-21,30.725,81.0,5.9,6.075,18.8775
2023-07-22,28.575,85.75,11.675,19.099999999999998,10.9175
2023-07-23,30.05,76.75,8.7,0.9500000000000001,20.2925
2023-07-24,30.025,79.75,7.65,2.575,20.127499999999998
2023-07-25,29.925,81.25,6.15,6.175000000000001,17.2425
2023-07-26,28.025,85.5,8.45,15.125,14.4525
2023-07-27,28.575,84.5,5.325,5.2,17.3575
2023-07-28,27.825,86.75,4.45,17.25,14.89
2023-07-29,28.1,86.0,5.2,6.25,19.314999999999998
2023-07-30,28.8,82.5,3.625,0.45,21.33
2023-07-31,29.875,79.0,5.6,1.0,21.4425
2023-08-01,30.425,78.5,7.275,0.475,21.435000000000002
2023-08-02,30.375,79.25,7.0,4.075,21.1475
2023-08-03,29.7,81.25,6.775,5.1499999999999995,21.302500000000002
2023-08-04,29.95,80.75,5.75,4.0249999999999995,20.0475
2023-08-05,29.95,80.75,5.425000000000001,4.675,20.895
2023-08-06,29.5,81.0,6.575,6.2,20.63
2023-08-07,29.8,76.0,7.575,5.475,21.425
2023-08-08,30.275,76.0,8.025,0.39999999999999997,21.23
2023-08-09,30.2,77.0,7.824999999999999,1.45,20.8825
2023-08-10,29.625,80.0,6.05,5.3999999999999995,19.52
2023-08-11,29.9,79.25,6.65,4.15,20.314999999999998
2023-08-12,30.675,73.75,7.225,0.325,21.58
2023-08-13,30.325,75.0,8.7,0.6,21.82
2023-08-14,29.25,76.0,12.45,9.75,20.3125
2023-08-15,29.275,76.25,6.775,5.75,20.215
2023-08-16,30.3,74.75,5.800000000000001,0.0,21.35
2023-08-17,30.575,74.75,6.875,0.925,21.4825
2023-08-18,30.95,74.25,5.25,0.3,21.6025
2023-08-19,30.375,80.0,6.125,2.3,19.3075
2023-08-20,30.65,79.75,5.95,2.85,19.535
2023-08-21,31.175,78.0,5.375,1.4749999999999999,20.6325
2023-08-22,31.85,74.0,8.225,0.275,20.2125
2023-08-23,29.925,76.25,13.45,0.625,17.7
2023-08-24,29.35,75.5,8.0,0.5,20.185
2023-08-25,29.225,75.0,7.25,2.8,21.0
2023-08-26,28.075,78.75,6.675,5.85,18.805
2023-08-27,29.325,72.75,6.225,0.025,20.3625
2023-08-28,28.25,75.25,7.375,5.05,20.475
2023-08-29,29.25,72.25,6.375,0.47500000000000003,21.6225
2023-08-30,29.65,68.75,6.325,0.0,21.7675
2023-08-31,30.3,67.5,5.975,0.0,20.955
2023-09-01,31.125,64.25,7.05,0.0,21.4225
2023-09-02,30.75,62.5,8.175,0.0,21.715
2023-09-03,30.25,61.0,7.625,0.0,21.875
2023-09-04,30.275,62.75,6.55,0.0,21.89
2023-09-05,29.9,68.25,6.575,0.0,21.515
2023-09-06,30.3,66.75,4.875,0.0,21.65
2023-09-07,30.675,64.25,5.1,0.0,21.45
2023-09-08,30.475,66.25,5.775,0.025,20.68
2023-09-09,29.65,71.75,6.9,2.075,20.065
2023-09-10,28.725,75.25,7.300000000000001,2.725,19.2375
2023-09-11,29.224999999999998,73.0,5.875,1.15,20.21
2023-09-12,30.125,73.5,5.324999999999999,0.07500000000000001,19.6825
2023-09-13,29.975,77.25,6.725,1.7,17.8575
2023-09-14,30.425,75.75,6.975,2.375,18.630000000000003
2023-09-15,28.55,82.0,8.3,15.549999999999999,14.7925
2023-09-16,28.9,79.25,5.75,0.45,18.5275
2023-09-17,27.25,85.25,8.775,8.775,13.120000000000001
2023-09-18,27.1,82.5,11.275,14.9,16.235
2023-09-19,27.45,82.5,6.800000000000001,9.925,16.9775
2023-09-20,28.325,80.5,5.3,2.15,18.5425
2023-09-21,28.975,77.0,5.375,0.2,18.8025
2023-09-22,28.625,78.0,5.35,0.6499999999999999,17.965
2023-09-23,27.975,79.75,5.800000000000001,5.0,16.3025
2023-09-24,27.3,81.25,5.6,1.425,16.865000000000002
2023-09-25,26.5,80.75,6.15,2.025,17.2675
2023-09-26,26.925,74.5,6.075,0.0,18.96
2023-09-27,26.8,69.75,8.275,0.0,19.4525
2023-09-28,26.725,67.25,6.15,0.0,19.29
2023-09-29,26.825,66.0,5.75,0.0,19.245
2023-09-30,26.775,64.25,8.4,0.0,18.9075
2023-10-01,25.674999999999997,61.5,6.925,0.0,19.0825
2023-10-02,25.55,51.5,7.75,0.0,19.009999999999998
2023-10-03,25.725,56.25,8.9,0.0,18.7775
2023-10-04,25.875,61.0,7.75,0.0,18.5225
2023-10-05,26.075,60.0,6.375,0.0,18.5
2023-10-06,25.95,63.5,6.45,0.0,18.2025
2023-10-07,26.925,66.25,6.45,0.0,17.4475
2023-10-08,27.95,69.0,5.75,0.0,17.1575
2023-10-09,27.85,65.0,6.875,0.15,16.825
2023-10-10,26.275,61.0,8.7,0.0,17.122500000000002
2023-10-11,24.7,62.75,7.7250000000000005,0.0,17.3275
2023-10-12,25.0,60.75,5.925,0.0,16.985
2023-10-13,25.475,65.0,6.1,0.0,16.535
2023-10-14,25.15,69.5,7.625,2.3249999999999997,14.615
2023-10-15,24.4,65.0,7.325,1.175,15.65
2023-10-16,21.325,77.0,10.275,12.0,9.342500000000001
2023-10-17,20.225,74.0,8.075,2.85,12.2325
2023-10-18,20.125,70.25,8.55,0.0,15.92
2023-10-19,20.5,70.0,6.949999999999999,0.0,15.7575
2023-10-20,21.325,69.75,6.375,0.0,15.685
2023-10-21,22.0,70.25,6.05,0.075,14.2825
2023-10-22,21.7,72.5,5.85,0.025,11.32
2023-10-23,22.1,70.25,6.8,0.0,14.955
2023-10-24,22.2,67.75,6.45,0.025,14.715
2023-10-25,22.075000000000003,67.75,7.175,0.0,14.9575
2023-10-26,22.1,66.75,7.4,0.0,15.015
2023-10-27,22.3,65.0,6.325,0.0,14.7775
2023-10-28,22.6,67.5,5.875,0.0,13.88
2023-10-29,23.075,69.0,5.1,0.0,14.162500000000001
2023-10-30,23.075,70.25,5.475,0.025,13.7075
2023-10-31,23.275,70.5,4.9,0.0,13.8575
2023-11-01,22.8,70.0,5.85,0.0,13.7625
2023-11-02,22.225,71.5,6.75,0.35,13.1575
2023-11-03,21.4,70.75,7.3500000000000005,1.0,11.865
2023-11-04,21.425,65.0,6.675,0.0,13.557500000000001
2023-11-05,21.575,65.25,6.275,0.0,13.66
2023-11-06,21.1,64.5,5.925,0.0,13.0975
2023-11-07,21.525,67.75,6.6,0.1,12.8025
2023-11-08,21.375,70.25,7.2250000000000005,0.025,12.350000000000001
2023-11-09,21.0,69.25,5.825,0.3,12.64
2023-11-10,18.125,81.0,8.85,7.5,8.7775
2023-11-11,17.75,79.75,7.375,0.0,12.2575
2023-11-12,17.975,75.0,8.225,0.0,12.7075
2023-11-13,17.975,75.75,6.2,0.0,12.6425
2023-11-14,18.15,76.0,6.675,0.0,12.3925
2023-11-15,18.225,76.25,7.1,0.0,12.45
2023-11-16,18.525,75.75,5.675,0.0,11.4575
2023-11-17,19.1,73.25,6.725,0.0,12.105
2023-11-18,18.525,71.0,6.225,0.0,11.925
2023-11-19,18.7,70.75,6.475,0.0,11.522499999999999
2023-11-20,18.525,69.25,5.95,0.0,11.615
2023-11-21,17.875,67.25,8.575,0.0,11.92
2023-11-22,17.45,68.25,8.200000000000001,0.0,12.0375
2023-11-23,17.15,70.25,6.05,0.0,11.9225
2023-11-24,17.2,73.75,6.4,0.0,11.7575
2023-11-25,16.674999999999997,76.75,5.85,0.0,10.8375
2023-11-26,17.8,75.25,6.35,0.0,9.11
2023-11-27,16.875,78.25,7.375,0.7749999999999999,4.945
2023-11-28,17.55,79.0,6.525,0.42500000000000004,10.5475
2023-11-29,18.05,77.0,4.9,0.0,10.955
2023-11-30,16.674999999999997,84.75,7.9,11.15,9.4725
2023-12-01,16.275,82.0,6.8,0.0,10.635
2023-12-02,16.1,79.75,6.15,0.0,11.1125
2023-12-03,16.1,80.0,5.300000000000001,0.0,10.9775
2023-12-04,15.575,81.0,5.25,0.0,10.165
2023-12-05,15.399999999999999,80.5,6.5,0.0,10.6675
2023-12-06,15.625,81.0,7.550000000000001,0.0,11.055
2023-12-07,15.174999999999999,80.75,6.825,0.0,10.8375
2023-12-08,14.775,78.25,5.625,0.0,10.629999999999999
2023-12-09,14.35,76.75,7.625,0.0,10.9125
2023-12-10,14.175,75.25,8.625,0.0,11.365
2023-12-11,13.775,75.0,5.199999999999999,0.0,11.09
2023-12-12,13.65,74.5,6.4,0.0,11.04
2023-12-13,13.55,74.5,6.675,0.0,11.0525
2023-12-14,13.525,76.25,8.075,0.0,10.815
2023-12-15,13.125,75.75,6.1,0.0,10.015
2023-12-16,12.975,77.75,6.825,0.075,10.935
2023-12-17,13.175,76.75,7.125,0.0,10.71
2023-12-18,13.025,74.5,9.5,0.0,11.2425
2023-12-19,12.675,73.5,9.275,0.0,11.44
2023-12-20,12.425,76.0,6.825,0.0,11.33
2023-12-21,12.2,79.75,5.875,0.0,11.1
2023-12-22,12.375,82.5,5.025,0.0,9.175
2023-12-23,14.65,78.25,6.7,0.0,10.3925
2023-12-24,14.100000000000001,81.25,5.775,0.0,9.9675
2023-12-25,13.85,82.75,6.575,0.0,10.5125
2023-12-26,13.625,80.25,5.85,0.0,10.2525
2023-12-27,13.15,83.75,5.775,0.0,10.7825
2023-12-28,12.425,91.25,5.025,0.0,9.5475
2023-12-29,11.75,92.25,5.075,0.0,8.8625
2023-12-30,10.875,91.75,4.775,0.0,8.5675
2023-12-31,9.9,91.5,3.95,0.0,8.4575
2024-01-01,9.275,91.75,4.7,0.0,7.8375
2024-01-02,8.575,91.5,5.35,0.0,7.155
2024-01-03,8.4,90.75,4.85,0.0,8.525
2024-01-04,8.425,90.0,5.775,0.0,10.4125
2024-01-05,8.15,90.5,5.2,0.0,8.9725
2024-01-06,8.575,89.5,5.65,0.0,9.9925
2024-01-07,8.25,91.5,4.925,0.0,9.44
2024-01-08,8.525,90.0,4.625,0.0,10.5625
2024-01-09,7.675,89.5,6.3,0.15,9.4575
2024-01-10,7.65,90.5,8.375,0.0,10.5875
2024-01-11,7.9,92.0,6.525,0.0,9.0
2024-01-12,8.225,90.75,6.675,0.0,9.71
2024-01-13,8.5,91.25,4.85,0.0,9.95
2024-01-14,7.575,91.0,6.225,0.0,10.4875
2024-01-15,7.5,92.5,4.85,0.0,8.99
2024-01-16,7.625,91.5,3.95,0.0,10.1125
2024-01-17,9.575,90.25,4.3,0.0,10.790000000000001
2024-01-18,9.7,93.5,4.0,0.0,9.7075
2024-01-19,9.2,93.0,4.35,0.0,8.4725
2024-01-20,8.9,90.5,5.075,0.0,10.1025
2024-01-21,8.125,90.75,7.725,0.0,11.6875
2024-01-22,7.225,91.5,5.0,0.0,9.282499999999999
2024-01-23,7.725,91.0,5.2,0.0,11.6575
2024-01-24,8.05,92.25,6.0,0.0,11.36
2024-01-25,8.275,92.0,5.15,0.0,9.0075
2024-01-26,10.525,87.5,5.825,0.0,12.3125
2024-01-27,11.85,83.75,9.225,0.0,13.27
2024-01-28,12.175,85.5,7.125,0.0,11.61
2024-01-29,12.9,87.25,7.05,0.0,13.022499999999999
2024-01-30,12.7,87.25,6.175,0.275,12.545
2024-01-31,13.275,90.0,9.45,11.0,7.8925
2024-02-01,13.225,87.5,13.5,12.675,8.1325
2024-02-02,11.475,83.75,8.0,0.0,14.06
2024-02-03,12.5,74.0,7.225,0.925,8.7025
2024-02-04,12.45,88.5,7.3500000000000005,14.525,7.04
2024-02-05,11.7,85.5,6.75,0.1,13.5425
2024-02-06,10.75,75.5,8.425,0.0,15.030000000000001
2024-02-07,10.6,72.5,10.35,0.0,13.1775
2024-02-08,11.325,69.5,12.2,0.0,15.692499999999999
2024-02-09,12.025,74.75,6.35,0.0,15.655000000000001
2024-02-10,12.4,78.75,6.35,0.0,15.2225
2024-02-11,13.325,77.0,6.9,0.0,15.7475
2024-02-12,13.85,78.5,5.25,0.0,13.7675
2024-02-13,14.525,76.5,4.825,0.0,15.665
2024-02-14,14.15,75.25,8.4,0.0,15.969999999999999
2024-02-15,14.4,72.25,7.275,0.0,16.5325
2024-02-16,14.899999999999999,70.0,6.725,0.0,16.665
2024-02-17,15.675,69.5,7.65,0.0,16.5025
2024-02-18,16.8,73.25,10.5,0.025,12.67
2024-02-19,19.075,64.5,21.425,8.899999999999999,13.8725
2024-02-20,16.825,75.0,14.5,2.05,16.175
2024-02-21,14.575,72.75,6.775,0.05,16.8
2024-02-22,13.6,63.75,7.4,0.0,17.5
2024-02-23,13.45,58.25,7.6,0.0,17.6925
2024-02-24,13.5,56.5,6.4,0.0,17.465
2024-02-25,13.625,58.75,6.6,0.0,17.1725
2024-02-26,14.875,55.0,6.85,0.0,16.2625
2024-02-27,15.725,58.75,8.725,0.6,11.895
2024-02-28,15.175,65.25,9.975,0.0,18.177500000000002
2024-02-29,16.55,65.75,7.8,0.0,17.697499999999998
2024-03-01,17.8,68.75,12.175,2.575,8.25
2024-03-02,17.725,77.0,23.55,20.8,11.435
2024-03-03,13.9,63.5,11.15,0.225,18.7825
2024-03-04,12.1,61.0,7.625,0.0,18.7825
2024-03-05,12.325,60.25,9.2,0.0,17.177500000000002
2024-03-06,13.2,59.5,7.625,0.0,19.725
2024-03-07,15.450000000000001,59.25,7.95,0.05,18.81
2024-03-08,15.525,61.75,8.825,0.0,19.9675
2024-03-09,16.075,59.75,9.95,0.0,20.3175
2024-03-10,17.975,57.25,7.125,0.0,17.4
2024-03-11,18.5,61.5,8.1,0.35,17.5925
2024-03-12,18.85,63.0,7.85,0.0,19.995
2024-03-13,17.0,70.75,8.25,1.475,11.7025
2024-03-14,18.425,60.25,9.85,0.025,20.3475
2024-03-15,17.925,52.0,10.95,0.0,21.4225
2024-03-16,18.325,54.5,8.075,0.0,21.325
2024-03-17,19.35,51.0,7.800000000000001,0.0,19.3075
2024-03-18,19.875,53.25,7.825,0.0,21.205000000000002
2024-03-19,20.75,51.5,6.975,0.0,20.775
2024-03-20,21.425,56.0,6.925,0.0,21.5425
2024-03-21,21.9,61.25,11.075,0.05,20.48
2024-03-22,22.775,62.5,10.6,0.125,20.2975
2024-03-23,23.225,58.0,9.225,0.0,21.585
2024-03-24,22.575,57.75,8.775,0.47500000000000003,15.0225
2024-03-25,23.1,57.75,8.85,0.0,21.84
2024-03-26,23.45,58.75,7.2,0.0,16.67
2024-03-27,25.1,60.0,10.175,0.275,17.02
2024-03-28,25.725,55.5,11.65,0.0,17.482499999999998
2024-03-29,24.9,59.5,7.725,0.0,20.5375
2024-03-30,23.625,61.75,13.475,3.55,19.17
2024-03-31,23.05,54.5,9.525,0.0,21.44
2024-04-01,21.35,53.25,10.175,0.0,21.6575
2024-04-02,22.2,48.5,7.625,0.0,22.995
2024-04-03,23.924999999999997,44.25,8.149999999999999,0.05,21.0
2024-04-04,24.85,41.5,7.625,0.0,22.395
2024-04-05,24.2,39.75,9.375,0.0,22.7425
2024-04-06,23.875,35.0,9.625,0.0,23.755000000000003
2024-04-07,24.125,35.75,9.675,0.0,23.68
2024-04-08,24.725,36.0,7.675000000000001,0.0,22.945
2024-04-09,25.325,33.0,7.325,0.0,23.3525
2024-04-10,26.25,32.0,9.399999999999999,0.0,22.16
2024-04-11,27.05,31.5,10.9,0.0,23.150000000000002
2024-04-12,27.675,32.25,8.45,0.0,23.085
2024-04-13,26.3,41.0,12.575,0.925,16.98
2024-04-14,24.875,57.5,9.35,1.0,16.47
2024-04-15,25.275,61.5,10.15,6.1,16.245
2024-04-16,25.25,57.25,10.975,0.05,23.4875
2024-04-17,25.75,43.75,11.275,0.0,23.86
2024-04-18,27.15,40.5,9.525,0.0,20.822499999999998
2024-04-19,27.125,44.0,14.15,3.825,19.7225
2024-04-20,26.15,46.5,9.350000000000001,0.5,22.095
2024-04-21,26.925,40.0,10.375,0.0,23.35
2024-04-22,27.325,35.75,8.875,0.05,22.7925
2024-04-23,26.875,36.25,9.125,0.1,19.625
2024-04-24,27.1,37.25,7.075,0.025,22.740000000000002
2024-04-25,28.7,32.0,10.125,0.0,23.9525
2024-04-26,29.925,29.25,8.5,0.1,21.7025
2024-04-27,27.95,35.5,11.125,0.925,20.71
2024-04-28,27.675,38.5,7.975,0.075,20.9225
2024-04-29,25.475,43.25,12.65,1.325,15.8475
2024-04-30,24.85,42.5,10.95,0.225,24.595
2024-05-01,22.625,42.0,10.9,0.0,24.1475
2024-05-02,25.325,36.75,10.775,0.0,24.6725
2024-05-03,27.675,31.5,8.625,0.0,20.8825
2024-05-04,30.474999999999998,29.25,10.7,0.0,21.8675
2024-05-05,30.575000000000003,30.0,12.75,0.0,23.98
2024-05-06,31.075,30.25,9.025,0.0,23.1075
2024-05-07,32.1,25.75,7.449999999999999,0.0,24.0275
2024-05-08,31.625,32.25,9.525,0.0,22.7125
2024-05-09,31.725,37.25,12.6,0.0,23.4525
2024-05-10,31.05,43.75,12.025,0.2,21.049999999999997
2024-05-11,30.325,46.25,8.2,0.5750000000000001,21.8975
2024-05-12,29.525,43.5,9.65,0.65,19.947499999999998
2024-05-13,30.525,31.75,9.225,0.0,24.085
2024-05-14,30.675,27.5,9.175,0.0,24.197499999999998
2024-05-15,31.8,26.75,8.1,0.0,23.09
2024-05-16,32.975,26.0,8.825,0.0,23.3075
2024-05-17,33.925,25.5,9.4,0.0,22.240000000000002
2024-05-18,34.825,24.0,10.75,0.0,22.845
2024-05-19,35.15,22.5,11.45,0.0,22.305
2024-05-20,34.575,23.75,8.875,0.0,23.259999999999998
2024-05-21,34.3,25.75,9.125,0.0,23.6125
2024-05-22,34.7,31.0,9.825,0.0,22.3375
2024-05-23,34.4,37.25,11.875,0.0,22.2075
2024-05-24,35.0,36.25,11.3,0.075,22.045
2024-05-25,35.6,26.75,11.9,0.0,23.63
2024-05-26,36.2,23.25,9.35,0.0,23.845
2024-05-27,36.225,19.75,9.4,0.0,24.5275
2024-05-28,36.175,15.0,7.85,0.0,24.822499999999998
2024-05-29,36.775,15.25,9.3,0.0,23.3475
2024-05-30,36.875,14.25,10.4,0.0,24.6425
2024-05-31,36.2,15.5,8.425,0.0,22.7725
2024-06-01,36.375,17.0,11.375,0.0,19.795
2024-06-02,35.75,23.75,9.325,0.0,22.8325
2024-06-03,36.55,18.75,10.025,0.0,22.8325
2024-06-04,36.025,20.5,10.85,0.275,21.545
2024-06-05,34.1,28.0,11.325,0.65,18.5575
2024-06-06,32.3,37.0,9.575,0.7,20.375
2024-06-07,33.425,32.5,11.25,0.0,22.055
2024-06-08,32.575,32.0,10.774999999999999,0.0,17.57
2024-06-09,33.625,26.75,10.85,0.0,23.78
2024-06-10,33.975,23.25,9.9,0.0,23.26
2024-06-11,35.0,22.25,8.55,0.0,23.7725
2024-06-12,36.075,20.25,10.45,0.0,23.8825
2024-06-13,36.275,24.25,11.625,0.0,22.495
2024-06-14,36.15,25.5,12.3,0.0,21.8175
2024-06-15,36.45,26.25,12.625,0.0,22.115000000000002
2024-06-16,37.275,30.0,11.925,0.0,22.505000000000003
2024-06-17,37.6,28.75,11.325000000000001,0.0,22.38
2024-06-18,37.525,30.5,12.95,0.0,22.2025
2024-06-19,35.8,35.5,11.4,0.05,19.695
2024-06-20,32.175,50.25,8.45,2.825,19.27
2024-06-21,30.325,60.25,6.875,4.35,18.28
2024-06-22,32.1,52.75,5.0,0.0,20.9625
2024-06-23,33.65,45.75,6.625,0.1,21.1425
2024-06-24,34.55,45.25,7.075,0.55,21.4925
2024-06-25,34.5,49.75,7.2,0.0,21.17
2024-06-26,34.375,53.75,9.1,1.925,19.405
2024-06-27,31.424999999999997,67.25,12.275,7.425000000000001,18.505
2024-06-28,32.4,61.75,9.625,0.22499999999999998,20.73
2024-06-29,32.2,65.0,6.3,3.35,18.384999999999998
2024-06-30,32.9,62.75,5.775,0.5,21.375
2024-07-01,32.225,68.75,7.85,5.225,20.905
2024-07-02,31.7,73.5,8.45,8.1,19.5625
2024-07-03,31.075,76.0,13.075,11.174999999999999,19.73
2024-07-04,29.025,78.5,13.1,13.075,13.62
2024-07-05,29.55,76.25,11.725,1.925,17.9025
2024-07-06,29.0,76.75,11.475,3.0999999999999996,13.965
2024-07-07,28.3,79.0,7.7,3.2750000000000004,13.8425
2024-07-08,29.225,75.25,8.575,1.55,18.11
2024-07-09,30.125,74.5,5.675,0.025,21.9825
2024-07-10,30.775,75.75,5.75,1.9749999999999999,21.465
2024-07-11,31.8,73.75,5.625,0.2,21.4575
2024-07-12,30.25,73.25,7.300000000000001,2.975,21.009999999999998
2024-07-13,29.3,75.25,5.675,5.3999999999999995,21.5775
2024-07-14,30.0,74.0,4.8,1.5499999999999998,19.3575
2024-07-15,31.4,71.0,7.025,0.2,22.0475
2024-07-16,31.775,71.25,6.7,0.775,20.59
2024-07-17,31.5,73.25,8.175,1.375,20.6875
2024-07-18,31.4,73.0,6.725,0.7999999999999999,21.3425
2024-07-19,31.825,71.75,6.8,0.6499999999999999,21.9075
2024-07-20,31.85,70.5,8.375,0.4,21.425
2024-07-21,32.35,69.75,8.375,1.1500000000000001,21.485
2024-07-22,31.425,74.5,10.825,1.9,19.372500000000002
2024-07-23,30.725,76.0,8.4,8.05,20.497500000000002
2024-07-24,30.65,76.0,5.625,4.875,19.182499999999997
2024-07-25,31.275,74.0,6.1,1.0,19.735
2024-07-26,30.875,76.75,7.625,4.3,18.83
2024-07-27,31.15,78.25,8.95,7.125,19.4775
2024-07-28,31.85,74.0,7.449999999999999,1.475,18.8075
2024-07-29,31.4,75.0,8.05,4.175,17.275
2024-07-30,31.55,76.5,7.75,1.575,19.497500000000002
2024-07-31,31.275,80.5,7.075,20.1,19.71
2024-08-01,27.175,90.25,7.975,33.1,6.38
2024-08-02,29.325000000000003,82.5,7.6,2.175,20.9025
2024-08-03,29.45,79.5,13.45,5.125,19.075000000000003
2024-08-04,29.75,79.0,7.75,3.4499999999999997,18.825
2024-08-05,30.05,77.0,9.55,0.65,19.0775
2024-08-06,29.975,77.25,8.175,0.55,20.63
2024-08-07,28.625,82.5,12.775,4.875,16.295
2024-08-08,28.825,80.75,9.975,1.7249999999999999,17.9625
2024-08-09,29.049999999999997,80.25,7.225,1.0499999999999998,18.924999999999997
2024-08-10,29.05,82.0,8.975,4.125,18.517500000000002
2024-08-11,27.55,86.5,9.6,10.475000000000001,11.977500000000001
2024-08-12,28.25,83.0,6.525,3.625,17.355
2024-08-13,29.025,82.25,5.95,2.25,17.607499999999998
2024-08-14,29.575,81.25,5.325,4.2749999999999995,17.58
2024-08-15,29.349999999999998,83.0,6.8,7.75,15.197500000000002
2024-08-16,28.700000000000003,85.75,8.475,19.875,17.705000000000002
2024-08-17,27.925,86.0,9.075,7.7,14.6725
2024-08-18,28.85,84.0,6.725,1.95,20.0475
2024-08-19,28.325,85.5,6.7749999999999995,10.85,18.2875
2024-08-20,28.3,85.0,5.325,6.825,19.3525
2024-08-21,28.675,83.0,5.824999999999999,1.1,19.545
2024-08-22,29.275,81.5,4.5,0.375,20.8575
2024-08-23,28.875,81.75,4.95,3.45,20.1275
2024-08-24,28.75,82.75,5.475,2.85,20.78
2024-08-25,29.225,81.0,5.725,1.325,20.105
2024-08-26,29.6,77.75,7.425,1.175,19.345
2024-08-27,28.475,81.25,11.375,7.9,17.9225
2024-08-28,27.675,84.5,8.75,9.925,16.115
2024-08-29,25.875,88.25,14.2,24.425,8.99
2024-08-30,27.85,82.5,6.85,2.8,19.175
2024-08-31,28.925,80.5,7.325,0.025,21.03
2024-09-01,29.55,78.75,5.45,0.125,20.5275
2024-09-02,27.975,84.25,9.375,8.85,16.509999999999998
2024-09-03,27.75,83.75,7.225,8.2,17.255000000000003
2024-09-04,27.425,84.25,3.875,3.1,18.9225
2024-09-05,27.275,84.5,4.300000000000001,2.075,18.377499999999998
2024-09-06,27.725,83.5,6.875,5.0249999999999995,19.305
2024-09-07,26.8,86.0,6.225,13.35,16.965
2024-09-08,28.075,82.75,4.025,0.1,19.23
2024-09-09,29.05,79.5,3.85,0.6,18.97
2024-09-10,28.075,84.25,5.625,14.45,17.2775
2024-09-11,28.575,80.5,5.7,0.4,19.17
2024-09-12,28.75,77.0,6.1,0.1,17.4
2024-09-13,27.725,80.5,7.25,1.325,15.2225
2024-09-14,27.525,78.5,7.575,1.9749999999999999,18.427500000000002
2024-09-15,27.825,75.25,6.2,0.05,19.7675
2024-09-16,28.05,69.75,6.2,0.0,20.75
2024-09-17,28.45,69.5,5.375,0.2,20.044999999999998
2024-09-18,28.0,75.5,5.275,0.75,17.1725
2024-09-19,26.65,78.0,7.1499999999999995,6.199999999999999,11.2
2024-09-20,27.425,73.25,5.4,0.0,19.855
2024-09-21,28.8,71.0,4.15,0.0,19.275
2024-09-22,29.825,69.75,4.8500000000000005,0.0,18.2325
2024-09-23,30.525,68.5,5.825,0.0,18.9375
2024-09-24,30.575000000000003,68.25,4.15,0.0,18.7325
2024-09-25,30.474999999999998,71.5,7.325,0.325,17.2825
2024-09-26,27.799999999999997,79.5,10.925,4.75,12.035
2024-09-27,28.075,76.25,6.475,0.7250000000000001,17.4425
2024-09-28,27.75,75.25,6.05,2.85,16.5925
2024-09-29,27.6,73.5,5.55,0.05,17.3975
2024-09-30,28.075,71.75,7.65,0.0,17.71
2024-10-01,28.85,71.0,7.05,0.0,18.1775
2024-10-02,29.2,67.5,5.975,0.0,18.302500000000002
2024-10-03,28.775,64.75,5.375,0.0,18.33
2024-10-04,28.775,62.5,5.125,0.0,17.947499999999998
2024-10-05,28.1,62.75,6.95,1.825,16.61
2024-10-06,27.225,63.25,7.9,0.35,16.5275
2024-10-07,26.575,65.5,5.775,0.0,17.4175
2024-10-08,26.15,65.75,6.5,1.275,16.1525
2024-10-09,26.275,62.0,8.15,0.0,16.875
2024-10-10,25.9,52.75,9.2,0.0,17.0625
2024-10-11,25.575000000000003,55.5,8.25,0.0,17.085
2024-10-12,25.675,57.0,6.6,0.0,16.885
2024-10-13,25.55,56.75,6.325,0.0,16.64
2024-10-14,25.5,53.75,7.0,0.0,16.2425
2024-10-15,25.575,53.25,7.300000000000001,0.0,16.3525
2024-10-16,25.5,56.5,5.525,0.0,15.6625
2024-10-17,25.55,60.25,6.275,0.0,15.9475
2024-10-18,25.8,59.75,6.175,0.0,15.675
2024-10-19,25.9,61.0,5.725,0.0,15.5
2024-10-20,25.475,64.0,5.525,0.0,15.309999999999999
2024-10-21,25.3,66.25,5.425000000000001,0.0,15.03
2024-10-22,25.4,65.75,5.0,0.0,14.717500000000001
2024-10-23,25.5,63.0,7.6,0.0,14.895
2024-10-24,25.2,60.75,9.225,0.0,14.942499999999999
2024-10-25,24.725,61.25,8.15,0.0,14.9575
2024-10-26,24.575,65.25,5.875,0.0,14.565
2024-10-27,24.825,69.75,6.8,0.0,14.3625
2024-10-28,25.25,70.0,7.5,0.0,14.23
2024-10-29,25.8,68.75,7.0,0.0,14.0325
2024-10-30,25.625,66.75,6.45,0.0,13.8475
2024-10-31,24.675,60.0,9.35,0.0,14.075
2024-11-01,23.4,59.0,7.825,0.0,14.29
2024-11-02,23.0,59.75,5.275,0.0,13.967500000000001
2024-11-03,22.5,63.75,6.05,0.0,13.625
2024-11-04,22.95,66.75,6.074999999999999,0.0,13.475
2024-11-05,22.925,71.25,6.925,0.0,13.0275
2024-11-06,23.05,72.0,5.1,0.0,12.9175
2024-11-07,22.95,75.25,5.325,0.0,12.8275
2024-11-08,23.075000000000003,76.0,5.45,0.0,12.6225
2024-11-09,23.0,76.5,6.05,0.0,12.32
2024-11-10,22.7,78.5,5.175,0.0,12.3375
2024-11-11,22.475,76.0,6.225,0.175,12.0125
2024-11-12,22.075,75.75,5.625,0.0,12.415
2024-11-13,21.6,77.25,5.15,0.0,12.0975
2024-11-14,21.025,74.25,4.925,0.0,11.809999999999999
2024-11-15,20.45,74.25,6.375,0.0,11.955
2024-11-16,20.075,74.25,5.85,0.3,11.5075
2024-11-17,18.825,79.25,6.15,0.0,11.6725
2024-11-18,18.475,71.0,6.1499999999999995,0.0,12.2375
2024-11-19,17.8,66.75,4.7,0.0,12.2475
2024-11-20,17.7,68.25,4.8,0.0,12.245000000000001
2024-11-21,17.75,70.75,4.225,0.0,11.98
2024-11-22,18.2,71.25,4.45,0.0,11.7675
2024-11-23,18.925,66.5,6.449999999999999,0.1,11.27
2024-11-24,19.0,68.0,5.925,0.9,11.445
2024-11-25,18.0,70.5,7.825,0.0,11.715
2024-11-26,17.425,68.75,5.875,0.0,11.7425
2024-11-27,16.975,68.75,4.125,0.0,11.74
2024-11-28,16.925,71.0,3.175,0.0,11.5975
2024-11-29,16.775,73.5,4.375,0.0,11.335
2024-11-30,17.2,71.5,7.275,0.0,10.815000000000001
